id,name,address,latitude,longitude,review_count,rating,zip_code
O1fUmxt3kbV-rnyjBtzAfw,THEP Thai Restaurant,1439 2nd Ave,40.77078,-73.95727,2505,4.5,10021
B3_K2kUVbYOU0VaLcj_LTw,Thai Villa,5 E 19th St,40.73902,-73.99065,4529,4.5,10003
NN3mOWF5e_pnR1ArqM2bHQ,OBAO,647 9th Ave,40.7606544,-73.991332,3789,4.0,10036
-OixbLnFLCzQclxCSbUQ8w,Up Thai,1411 2nd Ave,40.7698275926665,-73.9576330868512,2869,4.5,10021
jjJc_CrkB2HodEinB6cWww,LoveMama,174 2nd Ave,40.730408722512074,-73.98612673033213,6356,4.5,10003
MhceeLrM2_3mcKw5EGLY6A,Pure Thai Cookhouse,766 9th Ave,40.764291,-73.988159,2792,4.0,10019
AHrU1F123QPdVPTCnsy_xA,Chalong,749 9th Ave,40.763924,-73.988883,50,5.0,10019
KHdYPT0jUnUGdHGaY73mxg,Sukhumvit 51,224 E 51st St,40.7559139831703,-73.9693867939228,819,4.0,10022
dl4QvM8WAzATC7ChNIQh3g,Thank You Come Again,601 Lexington Ave,40.75878,-73.97048,10,4.0,10022
dpo_TBvuRi2nEzuVdO4AiQ,Mitr Thai,37 W 46th St,40.75688959835714,-73.9804147,132,4.5,10036
VoAuIReq_cPUrFwxbWqG_Q,Sala Thai Restaurant,307 Amsterdam Ave,40.7801199,-73.98032,720,4.5,10023
-XYp6w50XbZfS90YddS5ew,Soothr,204 E 13th St,40.732259,-73.987363,912,4.5,10003
-Q8MYIWoE4EsGQtudIOY0w,Bua Thai Ramen & Robata Grill,1611 2nd Ave,40.7763615,-73.95308,1983,4.5,10028
UC3n_0vZ5zI1fvi7UzNZAg,Sabai Thai,432 Park Ave S,40.74422,-73.98365,429,4.5,10016
7xe5Pd4fvN2vo05FP2XOeg,LumLum ,404 W 49th,40.7629,-73.98991,219,4.5,10019
egDEaHpDumYHzRUZ8JBU-w,Pranakhon Thai Restaurant,88 University Pl,40.733804,-73.993167,101,4.5,10003
0IFDnYf3bhqxJR6hVrG7Gw,Top Thai Vintage,55 Carmine St,40.729907419973344,-74.00421380395268,864,4.5,10014
z1OgXX3L9Ipl2mu-Hf4ADw,ViV,717 9th Ave,40.76277,-73.98969,1208,4.0,10019
_Ge2eC89Z-jlaDDWglfT8g,Pa Pa Thai Cuisine,1069 1st Ave,40.759290482678686,-73.9624154842934,284,4.5,10022
rKeLuHDI3PQZsPSVCEMHtw,Wondee Siam,792 9th Ave,40.76495,-73.98747,1140,4.0,10019
83BXSwE0166sObnXLUE4bQ,Land,450 Amsterdam Ave,40.78497,-73.9772182,1119,4.0,10024
I8lfxFF6ZfwAYbWBIwRSsA,The Thonglor New York,789 9th Ave,40.76516,-73.98795,116,4.5,10019
XgiG7K7ubHsj2JJ-c2sXnw,Thai Diner,186 Mott St,40.72071042964739,-73.9956057,587,4.0,10012
kZ5q8Uwxt3MpLcvxEdPeFg,Marwin Thai Restaurant,1132 1st Ave,40.76158,-73.96032,74,4.5,10065
AILf_L7I9vJ2pyHmSo9v8Q,OBAO,222 E 53rd St,40.75713,-73.96857,1109,3.5,10022
f4ZveYR7fuBp_9klL8OgYQ,Little Thai Kitchen,231 E 53rd St,40.757359,-73.968025,395,3.5,10022
bivrss06gT7E37A0RnnkTw,Bangrak - Thai Restaurant,1750 2nd Ave,40.78116,-73.94913,25,5.0,10128
f7jZvRH-h76F4emzvKytaQ,Tuk Tuk,4906 Vernon Blvd,40.743232,-73.954254,758,4.0,11101
WJS06XxRdc6DD1s4LWE9HA,Fish Cheeks,55 Bond St,40.7258,-73.9927,1231,4.5,10012
a-Bq_yXFVk2PptoWpmry3w,Pye Boat Noodle,35-13 Broadway,40.76043,-73.92152,975,4.5,11106
X3T2rK-GrEgVUai-MeXAzg,Thongyib Thai Cart,405 Park Ave,40.7598555582005,-73.9723258723791,21,4.5,10022
HuUiXwo2rVKHZDwMeqNfQQ,Malii Gramercy,391 2nd Ave,40.73767,-73.98128,110,4.5,10010
oyxk3hv9F7dGZGARmNDSYg,Zoob Zib Thai Authentic Noodle Bar,460 9th Ave,40.75438,-73.99536,429,4.0,10018
HnTcWZbZJzNAYO8YseQlSQ,Zabb PuTawn,1584 First Av,40.77446,-73.95077,295,4.5,10028
CDa0GJZDMPcjvhbx7RbG5Q,Senn Thai Comfort Food,452 Amsterdam Ave,40.7849945637664,-73.9770103128512,330,4.0,10024
L2ZW-MdvRJ3gM2RIq8STbA,Thai72,128 W 72nd St,40.77763,-73.98003,357,4.0,10023
TMmiudSEF1PIXb8usY5c0Q,Valla Table,641 10th Ave,40.7619,-73.994186,202,4.5,10036
qrydcGQpeDP_1oFvx3qOeg,Somtum Der,85 Ave A,40.7252151982238,-73.9842741682317,869,4.0,10009
_ucIHYqW0ZwAdzaEIYnnsA,One Two Thai,153 E 33 St 10016,40.745573,-73.979451,180,4.5,10016
wGFSTTB6b4MHJJUzBnVJeg,Top Thai Greenwich,235 Sullivan St,40.729771,-73.999392,1825,4.5,10012
3X6S6u_AtjumPPSu_-PDiw,Siam Thai,157-02 Northern Blvd,40.763597,-73.808092,171,4.5,11354
coQAQmIKG9dBPA6-RHqJag,Wan Waan,200 8th Ave,40.74346,-73.99947,167,4.0,10011
n7LORZ0fGxPhOfdlHYREKQ,Peak Thai Restaurant,301 E 49th St,40.75417519999969,-73.96850174724293,216,3.5,10017
eGIY_25KFspf8KefDQMj-Q,Lan Larb,637 2nd Ave,40.745373,-73.975807,346,4.0,10016
BF6pY829iPBERt15CG1g3w,At Nine Restaurant & Bar,592 9th Ave,40.758697,-73.992064,595,4.0,10036
5-cv4xv4IBao7N1LSH6tHA,Der Krung Thai Cuisine,860 9th Ave,40.7670715,-73.9861371779099,275,4.0,10019
A_GbgtUSyGWpihHZOqMdwQ,Little Basil,153 E 26th St,40.741014,-73.982259,555,4.0,10010
QCpJlezYJnkZYNat-XYXYw,Topaz Thai Authentic,127 W 56th St,40.7644157409668,-73.9789047241211,888,3.5,10019
oWBDdSamOzxMJzsD_-seXg,Noodies,830 9th Ave,40.7662850538302,-73.9866788007826,565,4.0,10019
liZmIO0FqZwslLJfLDkfgw,Wayla,100 Forsyth St,40.7183,-73.9926038,580,4.5,10002
YS8pw7sYOBqaW23FCOqecg,Glur Thai,144 W 19th St,40.74121,-73.99665,271,4.5,10011
gEaZtaUQyGsp-O4AVcJWeg,Mama’s Cupboard,235 E 53rd St,40.757323,-73.967928,96,4.5,10022
6F7qKaZaAR9ukgvR0NKTBg,Zaab Zaab,76-04 Woodside Ave,40.74319,-73.8886,83,4.0,11373
_c0MxccsmIBZcGLJpb4nSA,NaNa Thai Street,31 E 21st St,40.73954,-73.98854,185,4.5,10010
Q99VEcN9r1Qqmvnm5I03tw,WAU,434 Amsterdam Ave,40.78448,-73.97776,154,4.0,10024
q2s4Whjr3FUB8wB_KrMudw,PurpleThai,1204 Broadway,40.746322406761514,-73.98828702364186,52,4.0,10001
33ry5dmopDOElU7zf1Sn2w,Lan Larb Chiang Mai,227 Centre St,40.7199936,-73.9985428,275,4.0,10013
O8i5XlvcfzH1q-wpfURrpg,Ayada Thai - Chelsea Market,75 9th Ave,40.74268377235652,-74.00618912427079,229,4.5,10011
sinDhwX8Egru_3FCI7bhkw,Laut,15 E 17th St,40.73756,-73.9911,1462,3.5,10003
ZlUU_DPlJTBLyUpBL2niKw,Luscious Thai,1099 1st Ave,40.76047,-73.96157,264,4.0,10065
e64Y17DJgjotSz8B9gEI7Q,Ugly Baby,407 Smith St,40.67795,-73.9961,422,4.5,11231
AybQUv47u16bwg83kqNf5w,Wan Wan,209 Mulberry St,40.7218,-73.99643,68,4.5,10012
0L03onqNwxWLrbb_FCK79A,SriPraPhai Thai Restaurant,64-13 39th Ave,40.7464987,-73.8992328,2516,4.0,11377
CpY77cDN1KS5EdiXMmWovw,House of Thai,2501 40th Ave,40.7535257695712,-73.9377629319284,349,4.0,11101
9b_FvTUgkkUUMyL0nGhFtg,Three Roosters,792 9th Ave,40.764957,-73.987485,209,4.5,10019
7PrDtZmAmasvCH41NO1Jpw,Kati Shop,104 W 37th St,40.75182181631158,-73.9869346,40,5.0,10018
jg5nc64wLYKwKAvz_lfMuA,Thai At Lex,1244 Lexington Ave,40.778142,-73.956807,236,3.5,10028
wEawMdWT7UtZjEmmMTBiGA,Saranrom Thai,8110 Broadway,40.743164864644704,-73.88364848055883,121,4.5,11373
pvxX-nvg3o-eZDlvrtYhQQ,Spice Thai,1479 1st Ave,40.771212,-73.953786,31,4.0,10075
EbX_9tqAJs4gW51gZpOB7g,Rasa,25 W 8th St,40.7327654,-73.9975674,834,4.0,10011
XlCaR9Q3fW37uhWuCx92mQ,When In Bangkok,161-16 Northern Blvd,40.76215,-73.80427,206,4.5,11358
1ctLdRJjP9m5QdL7ruYAzA,Herbs Thai Bistro,251 E 45th St,40.75193,-73.97099,216,3.5,10017
a23bfZBVjIhV32Em4hKHAA,The Buffs,1313 40th Ave,40.7556342,-73.9417121,201,4.5,11101
cegA4jf16vEt7NCQ7cpu2w,Kin'd,192-03 Union Tpke,40.73025559436381,-73.7784138,1137,4.5,11366
rCtsqHtOAOjZ7EUQDFRSbA,Pinto Garden,117 W 10th St,40.734882,-73.9994844,430,4.0,10011
F8WAp6PLIhM_0mNbVTsSzg,Bangkok Degree,847 Union St,40.67472327190444,-73.9757981977286,95,4.5,11215
Cebmp5-kEcdb4dBPrMKkWg,MayRee,58 E 1st St,40.72374,-73.9893,23,5.0,10003
qfZFjUnekCQRvZaZJkOPog,Aiyara Thai,480 9th Ave,40.7550734744,-73.9948672056,112,4.0,10018
uVoFnGvcwk2wSNwATtuf8g,Thai Hot Box,1598 3rd Ave,40.78123,-73.95246,78,4.5,10128
v5YA6gFdj1jwTpz0Kjpjqw,Krua,1764 1st Ave,40.78034,-73.94663,101,4.5,10128
XsXLVWr1UZWVhKThNvNiaA,Blue Willow 夜来湘,40 W 56th St,40.76292,-73.976546,806,4.5,10019
yQiII2hHgV5aEMtIA2VG0Q,Chai Thai Kitchen,930 8th Ave,40.76541,-73.98352,648,3.5,10019
mpD_kUFo8POQDLoLgRSfCg,SAGE,299-301 Graham Ave,40.7129736,-73.9442765,678,3.5,11211
p2zm0HnXZkI2yCAuYLb45g,Thai Market,960 Amsterdam Ave,40.80132,-73.96529,1090,4.0,10025
g7qtHQ_121mYWUdu3VWlrA,Tong,321 Starr St,40.70788411187043,-73.92058168413449,124,4.5,11237
fRO4Fwe5uRAajMcTwLbVkA,Ayada Thai,77-08 Woodside Ave,40.74344034310768,-73.88762803704094,1360,4.0,11373
xJuKTbInUnTsLINLLH8ehw,KRU,190 N 14th St,40.72281573696329,-73.9557975,26,4.5,11249
iUEvASoukxI6vrCYWYyK8g,Kati Shop,162 E 55th St,40.75899,-73.96883,198,4.5,10022
nxTEuWKzkK1tCF4LrhFSUQ,Pig and Khao,68 Clinton St,40.71926,-73.98475,1851,4.0,10002
P8xz4EdZnNeIOIlcD4k_kg,Malinee Thai,2028 2nd Ave,40.789403,-73.942934,2,4.5,10029
AekKkXTaCXlYp95KrxlesA,Little Tiffin,970 Manhattan Ave,40.732257609566,-73.9543802663684,58,4.5,11222
SkD3MrsLIT1Wq-7eTIE-mQ,Ros Niyom Thai Restaurant,10-91 Jackson Ave,40.7432122,-73.951706,19,4.5,11101
qLxTIOZSOBx3gkkOlPJJfQ,Tam Sang Thai Kitchen,230 7th Ave,40.744528,-73.995674,3,4.5,10011
IZpSGcy19JDDEyJtq-vAXQ,Ricepot Thai Cookhouse,1972 86th St,40.60474,-73.99879,93,4.5,11214
BKMCAYb9EAivUm3p-vrC9w,Khe-Yo,157 Duane St,40.716906,-74.008587,940,4.0,10013
ASOtb5PU_Swpl4IarYX-yw,Two Wheels,672 Lexington Ave,40.76016,-73.96983,8,3.5,10022
ykf5siP-2CXY3leFbeeabQ,An'Nam,234 W 48th St,40.7605285644531,-73.9863891601562,362,4.0,10036
hA5QUlrSjpxMZ90Kof0bgA,Khao Kang,7620 Woodside Ave,40.743269,-73.888039,270,4.0,11373
wyjtGsW5NeVDknGQWnIPAQ,wagamama - midtown,100 W 55th St,40.76316041296893,-73.97885444091449,274,4.5,10019
d8lAkqk2w3Lp9uiI4svu6w,Thai Chella,712 9th Ave,40.76256,-73.98941,111,4.0,10019
er4E7VCjDo0xE_IPu5o6Ig,Pongsri Thai Restaurant,244 W 48th St,40.76071,-73.98652,548,3.5,10036
Xx2qNh0pfoDlXloiv_hRDA,Khao Thai Cuisine,4 E Palisade Ave,40.893829,-73.975063,8,4.5,07631
ODJmiHFJoUuXJVlxGSX7Yw,Forever Thai,1031 Flushing Ave,40.7039938,-73.9310911,101,4.5,11237
nFszVPUX4tj-oarjfBO0nw,Klong,7 St Marks Pl,40.729507,-73.989181,1214,4.0,10003
5HQGOq8NA9Pe5kNhVA4hMA,Plue,1575 Lexington Ave,40.788825,-73.948474,1,5.0,10029
EjuI8hyZO4jREWj3BTh8gw,Mr Khao Man Gai,,40.74606,-73.94842,37,5.0,11101
Tmc90kL5jelJ2c9CiGzSFA,Hi-So Thai,1903 Willow Ave,40.7602267,-74.027825,292,4.0,07086
GQRNgvRLY6OhPs8BYTTYUw,A Plus Thai Place,1007 2nd Ave,40.757059,-73.967248,225,3.5,10022
_zRVdCfUcx1cwseFycSQdQ,Thai Farm Kitchen - Brooklyn,416 Church Ave,40.644041754256,-73.9760518446565,329,4.5,11218
jfnDwWBGK4JoWE5jbeKxSw,Chu Ros Thai,1590 Lexington Ave,40.78922,-73.94873,171,4.5,10029
dVR5KHPMZoU9rQvxhY5Otw,Thai Terminal,349 E 12th St,40.73039,-73.98381,614,4.0,10003
9IT7UsL-SGEz6ncR4oeJ9g,Tam Sang Thai Kitchen,331 Lexington Ave,40.74939,-73.97738,138,3.5,10016
R7mKCkD9ZZfeec92GW7esQ,Bangkok 2 Thai,349 1st Ave,40.7352413982153,-73.9798079431057,217,4.0,10010
STx4mlpKJVrjd6eZu4yDIw,Heng Thai,23-06 Jackson Ave,40.74491469312005,-73.94774386999885,37,4.0,11101
3VlnrxKnGKtVMBj8skQmKQ,Secret Thai Street Food,30-72 Steinway St,40.762189,-73.91668423297732,5,5.0,11103
UkA3V8itzKuBGZ9c7y989w,Jaiya,396 3rd Ave,40.742179,-73.980915,881,3.5,10016
toykv8K0yg8qtvZSXRQ5bg,Pochana Thai Kitchen,33-16 30th Ave,40.765733,-73.91932,262,4.0,11103
7hyQqnnAisSL-nfIWCPziQ,Chop Shop,254 10th Ave,40.7486687,-74.0031128,265,4.0,10001
7lhmzhkct9-blnuBAp_HVQ,Five Stars Thai Restaurant,324 29th St,40.770244549496475,-74.0288150168948,460,4.0,07087
ihBRikaKYVdJ7M0gVEGjZg,Mao Mao,1000 Bdwy,40.69583,-73.933508,76,4.0,11221
qnD3XDvYIrFh_FppNH90cA,Thais New York,1750 2nd Ave,40.7812989957846,-73.9494738355279,163,4.0,10128
Swjm9no7DRqhThLlf0EHng,Sama Street,988 Manhattan Ave,40.7328843,-73.9545232327229,168,5.0,11222
1uuxUq-QrUYX-Zal9TvFFQ,Charm Thai Express,1346 Amsterdam Ave,40.8139028640919,-73.9561226963997,105,4.0,10027
2AcDHuatOFXhqJDedZwGiA,Tung Thong Thai Restaurant,561 W 169th St,40.8414062274416,-73.9386532729438,323,3.5,10032
HLDKZXsi7TQ0P3rS2wd-UQ,SEAK,725 River Rd,40.818223,-73.977102,732,4.0,07020
BaeUVrAj5f3YF1razW5bow,11 Tigers,225 Avenue B,40.72908,-73.97815,103,4.0,10009
eWSZHH4kfzS5NeNU1CMcyg,Amayar Kitchen,111 E Passaic St,40.90072880597357,-74.05832523553553,105,5.0,07607
7ztNVUAfAyJXQLGU9BkPiw,Topaz Thai Restaurant,137 Washington Ave,40.785764,-74.153591,508,4.0,07109
kA_Cw1YEGskuPuRYzLmgdQ,Aura Thai Kitchen,210 Main St,40.8510322570801,-73.9706878662109,157,3.0,07024
feY7PgoRjCp2qReaIitRkQ,Boran,462 Court St,40.6782327,-73.998062,254,4.5,11231
Kyx9QFPJUzlC7dmM8SE1bw,Jaiya,1553 2nd Ave,40.774506510521,-73.95444183340685,329,3.5,10075
XEjkmHzGOepziSvP2uK4Xw,Hey Thai,127 John St,40.70738902413635,-74.00523698907823,59,4.0,10038
1xJV03v3g3oP3G5oDlWuoQ,Di An Di,68 Greenpoint Ave,40.72969,-73.95827,314,4.0,11222
yCJHIM-PWl54K53ACOpoNg,Hug Esan,77-16 Woodside Ave,40.7436465,-73.8873753,224,4.5,11373
9UkHgv9R3LakP0vNj6DMIg,Charm Kao,193 Schermerhorn St,40.6892229764259,-73.9863216751898,90,4.5,11201
ebhDBwRzD--eoiYcO8M18g,Pho Thai Lao Kitchen,219 Maywood Ave,40.8956216750601,-74.0658308645348,358,4.0,07607
n61FbfvTddHBXF5WKWjF4g,Pad Thai Noodle Lounge,114 8th Ave,40.7408371121571,-74.00145524314277,344,3.5,10011
fcCF0Kh_RCbv6KSVlb-Seg,Sticky Rice,85 Orchard St,40.71798,-73.99042,418,4.0,10002
OR9oqAJW-U5ZnqhwH12Nuw,Khao Nom,42-06 77th St,40.7432731562959,-73.8879961885031,148,4.5,11373
1Z030QuMVjMvs2SWZ1zYTQ,Two Wheels,1382 2nd Ave,40.768152386167,-73.95856094841727,131,4.0,10021
T8WfkzuVi96qCpj1tWjlxw,Spice,39 E 13th St,40.7345,-73.9919,1628,3.5,10003
23NSOmpzzrJTfWmYk8Lp4A,Lovely Day,196 Elizabeth St,40.721774,-73.994275,390,3.5,10012
ZfN9F6-5htE8LGLZo31igQ,Thai Delight,175 3rd Ave,40.73479,-73.98587,20,4.5,10003
pBNMZp_tKCAfRNx7-ybcHQ,Calle Dao - Chelsea,461 W 23rd St,40.74765439999999,-74.00352480000001,998,4.5,10011
4nwVzRCfWFGe6_Taqee4Cg,MRS AN,173 E 99th St,40.7874046,-73.9482732,132,4.0,10029
McU7XI3HoWFELTDaGc1SEw,Ginger and Lemongrass,153 Rivington St,40.71912,-73.98567,550,4.0,10002
6ZZUTGtH25tLN1SiM029ig,Yum Yum Too,662 9th Ave,40.76098,-73.99047,519,3.5,10036
qusZ-K5tzM1EyOa1IEWCHA,Nourish,637A Vanderbilt Ave,40.677941,-73.968455,354,4.0,11238
IiYRxMJLfLCsgifzRNvrtA,Thai Sliders & Co,150 8th Ave,40.7419442,-74.0007071,114,4.0,10011
LzyDj8z2CA03Jrs34L9Pgw,Spice,435 Amsterdam Ave,40.784263,-73.977252,335,3.0,10024
DEoUnmEnguWiwlDh3CFm1A,Thai Peppercorn,1406 Madison Ave,40.78821,-73.95363,79,3.0,10029
vZHrCNLcCh_3slkuNRW7GQ,IttEast,32 E 7th St,40.72821465492107,-73.98921267054533,6,5.0,10003
cPXF0NTHTHEdWLDwknWHXA,Huge Thai,157 Court St,40.68887,-73.99261,43,4.5,11201
jc_XQPbSCwMHsXLfinXA6A,Prince & I,80 Wayne St,40.7198,-74.04576,486,4.5,07302
xRvMOTMzDrMfyAWbYhkA8A,Terra Thai,518 E 6th St,40.724896,-73.983031,73,5.0,10009
tVB11pOiDhPWlt_o6ylMNg,Enthaice Thai Kitchen,33-20 31st Ave,40.7630889337809,-73.9213237166405,749,4.0,11106
liGIz8CzhyS1udx1aefjng,Williamsburg Thai Cuisine,212 Bedford Ave,40.71699,-73.9588799,276,4.0,11249
7Qvh0oFRsoqrO9qNlcMKXQ,Saigon Shack,114 Macdougal St,40.72969,-74.000629,2650,4.0,10012
M-odQWSEfsR2mVEw7nKG-g,Nyonya,199 Grand St,40.719116974367,-73.9968322948353,2324,4.0,10013
wbDtb47idIoDkzOMX8uEkA,Thaimee Love,116 West Houston,40.727805192166834,-74.00086038258787,43,3.5,10012
S2b4gAh3Sr1sbNGaTna1Xw,Bangkok Garden Thai Restaurant,261 Main St,40.8865743,-74.041739,437,4.0,07601
1KoKR9fug8VXZr5tqqtimQ,Rim Nam Thai,52 Jay St,40.7033674860089,-73.9868891,25,4.0,11201
Y4eqn5D2Emukncw1A3K8Wg,Areena Thai Cuisine,312 Hackensack St,40.83633,-74.09243,49,4.5,07072
l_gQf_4NgPMJcx2OkjsMfg,Noods n’ Chill,170 S 3rd St,40.71194,-73.96121,132,4.0,11211
B9_TgZa8rgW5oZOtXZUMCw,Laut Singapura,31 E 20th St,40.738584506222814,-73.98812157116433,356,4.0,10003
Irs8IQdQMXRxnWTDiQXKyA,Plum Vietnamese Restaurant,210 W 94th St,40.793008077554795,-73.97215002658557,76,4.5,10025
4yKYc9ngosSJ7Lk2LJE4ug,Eagle Thai Cuisine,644 Anderson Ave,40.825912,-73.987172,44,4.0,07010
sljnE3uoRUmM7aW5f1I3Ug,Once More Thai,6 Clinton St,40.72103,-73.98381,277,3.5,10002
LIsCe_l7kUlv2cUs6AxNQQ,SUROSS Thai Bistro,4131 Broadway,40.846016,-73.9387367,268,4.5,10033
XixegGx6pdU_H0MWWqN1_w,GAI Chicken & Rice,158 E 45th St,40.75279329265176,-73.97345292209359,169,4.0,10017
kXuubLd6s3GidpqU3psPdw,Chao Thai,8503 Whitney Ave,40.7414656,-73.8801273,407,4.0,11373
jKDXlyPG-2rmcp9Ej6jPLA,Living Thai,931 Amsterdam Ave,40.8001,-73.96574,146,4.0,10025
1Fe4lCiMPNVhoEyjg92frA,Kati Thai Cuisine,347 E 14th St,40.7318077087402,-73.98291015625,260,4.0,10003
4mzogOLOVDPBDVTO4cz9fA,Roi Siam,1814 Bergenline Ave,40.76397,-74.03454,169,4.0,07087
Pr-q47vsmM4aoc2t_Sfk8w,Momofuku Noodle Bar - Uptown,10 Columbus Cir,40.76802583631109,-73.9829243,515,4.0,10019
oO_X1H5Lxo8sNykx6azLVQ,Thai Super,166 E 118th St,40.799358,-73.939726,197,3.5,10035
Q23LvHPuC9ajSbMEt8xoUw,Lucky Cat,232 E 53rd St,40.7570162692229,-73.9681779883895,417,4.0,10022
YDZX2bJ1IyV0lunBYqbb4w,New Chinatown  Asian Cuisine/ Bar,1650 3rd Ave,40.782945,-73.95132,4,4.5,10128
n20BmzZ-KGd0RCKcPGRv1A,Klom Klorm,181 Wyckoff Ave,40.70318,-73.91701,447,4.5,11237
yzbIUIeDuSH58WgK32J7Fw,Thonglor Thai Formerly Red Basil Thai,3247 Steinway St,40.7574712,-73.9200032,49,4.0,11103
h0pRCiJDrCN7tm3VX5tILQ,CHILI,13 E 37th St,40.75002,-73.98215,582,4.5,10016
a5H9p1B6m6WPVjakPylvdA,Spicy Shallot,7701 Woodside Ave,40.7437053273707,-73.8878916857991,726,4.0,11373
W9t_RWcisBoXMS0iAl7frQ,Thai Shack,445 Cedar Ln,40.889147,-74.0215578,60,4.5,07666
PHu2RLIMZix9W4Uc-FS1fg,Eatzy Thai,33-09 Broadway,40.761214,-73.92328,67,3.5,11106
RdGWCbcxA79G1ZMPVL3SGQ,Nora Thai,176 N 9th St,40.71864,-73.95625,130,3.5,11211
KXD44wWmrGf7mzyyr0bikw,P.S. Kitchen,246 W 48th St,40.760706,-73.986627,665,4.5,10036
s-UAKra4P0sFE9ylXlwwfA,Le Viet Cafe,1750 2nd Ave,40.78116,-73.94913,152,4.0,10128
s5JNxy0eAFgxS2Poi73ODw,Mala Project,41 W 46th St,40.756899,-73.980586,499,4.0,10036
9WgsvzaiXNAmmQGD0uQxFQ,Thai Holic,372 Myrtle Ave,40.693005,-73.971286,538,4.5,11205
m2Zsy2UAkcDf0cRzk2Yoqw,Madame Vo,212 E 10th St,40.72925,-73.98612,1035,4.0,10003
AEHojbCPCrIhTko7olaqTg,Lil Chef Mama,27 Cliff St,40.708453,-74.005321,115,4.5,10038
e1jwvzY8hU642HSBZZATcw,Hub Thai,50 Avenue A,40.7238123,-73.9847935,163,4.0,10009
0GftSP2dRwEzujkv2VKIgA,Wok Wok Southeast Asian Kitchen,11 Mott St,40.7140555,-73.9988387116394,1157,4.0,10013
TU_BU9HLflYI2xlyqVQdRA,TAO Uptown,42 E 58th St,40.76266943713004,-73.97144107883544,2861,3.5,10022
Xst2vGND8hy44VOmbLG3kQ,Pa De Thai Restaurant,264 Old River Rd,40.80957,-73.990735,314,3.5,07020
jiQMBtFQ0nY1hv3vRPM66w,The Nuaa Table,638 Bergen St,40.679366,-73.968485,71,4.5,11238
tx-gxkns4uFyve7Eu5mYKA,Tana Thai,1890 Eastchester Rd,40.8513635,-73.8439993,216,3.0,10461
qtDKasElRD_CPw7HnIOXHA,Island Thai Street Food,,40.758373260498,-73.9680099487305,1,4.0,10022
Z7uV9jqrj9GkSws1cz06cg,Grub Thai,34 Lexington Ave,40.740072,-73.98461,5,4.0,10010
MD-GiizNpmFbuDIdKGzXnA,Mekong,917 Columbus Ave,40.7984,-73.96326,79,4.0,10025
414qtc1lNAI-HaJ-Gw9puA,Galanga,149 W 4th St,40.7316,-74.00049,529,3.5,10012
9FjGW7u1iTyFUDpJt-Ql9Q,Tue Thai Restaurant,3 Greenwich Ave,40.73387,-73.9997999,387,3.5,10014
DguAGioaK6ZIAt_6kk93tA,Thai Select,472 9th Ave,40.754764,-73.994903,635,3.5,10018
f_OiLWqldSmNy1MAvtWlPQ,Cyclo,5-51 47th Ave,40.745714,-73.953549,641,4.0,11101
wFjW3d0PDr2Lb_54RmnB6Q,TLK by Tigerlily Kitchen,58 3rd Ave,40.73116944194413,-73.98908630204441,59,4.5,10003
_7Maf5WG682E7R-EHSz18w,Bangklyn East Harlem,2051 2nd Ave,40.7903,-73.94307,149,4.5,10029
6wJOojpF2c4lLeBNbTBB0A,Baoburg,614 Manhattan Ave,40.7234929271998,-73.9503321851175,299,4.0,11222
m2_ZNFos5ugAwe8ft8eaEw,Eim Khao Mun Kai Elmhurst,81-32 Broadway,40.7429414097644,-73.8832733356575,523,4.0,11373
HvN9eVtlm9MnOQCL_GlRSg,Pho Saigon,987 1st Ave,40.7565899362516,-73.9644254744053,223,3.5,10022
MxMWPaC30sRkPKit_Omz2A,Khun Noo Thai Noodle House,51-20 Skillman Ave,40.74568,-73.91261,74,4.0,11377
bVkjBJlAIwKAj9Aw1KVWjA,Dim Sum Palace,334 W 46th St,40.76015,-73.9893699,1633,4.0,10036
xFp3xSQ43J-i7nmJfNBsZA,Norikoh,43 W 24th St,40.7433,-73.99137,631,4.0,10010
HXzO3am7-feBYeAVwsInQQ,Teo Thai Kitchen,109 Eldridge St,40.71816029228648,-73.99208005517721,1,5.0,10002
zJ6-ZCrtJA943nsVl2l8gQ,Thai Cuisine,1509 White Plains Rd,40.83811,-73.8638,77,3.0,10462
No1PU4NbOdoaG1lSikfeNg,7 Elephants,221 East Broadway,40.714099,-73.986987,58,4.5,10002
LDScBEu3splSQlhGBEH2hg,Bao by Kaya,570 Lexington Ave,40.7569200941962,-73.9723208919168,213,4.0,10022
Nvhx093-K2xwHIZVnFstJw,Copper Throat Thai Cuisine,123 Ludlow St,40.71978,-73.98877,140,4.0,10002
pcVlzw0Id0MvP8MJYMRgJg,River Thai,1766 Amsterdam Ave,40.82685,-73.94666,127,4.5,10031
Wbmqg0TkOVkzNh3HrJ9DIQ,Vietnaam,1700 2nd Ave,40.7791481018066,-73.9504165649414,886,4.0,10128
FXFQJmhK6elesopXdhjvFQ,Amber,103 W 70th St,40.77632084040014,-73.97993601948492,153,4.0,10023
uazg6WhYVOw3jhWCG_MDBg,Sup Thai Kitchen ,178-19 Union Tpke,40.72671,-73.7893,553,4.5,11366
ldE6TJ4lo1OIg0eCig3ICg,BONMi,150 W 62nd St,40.77156664331664,-73.9852986,181,3.0,10023
gvOe1TLb8hZgx0naC9LYpw,Sei Less,156 W 38th St,40.75314,-73.98814,203,4.0,10018
rxWd1WzIqw-NyUYZMqFRog,Tiptara,213 East Broadway,40.7139855,-73.9875253,32,4.5,10002
3KlWyCJ2BikxwcEb0-O4Ww,Thai Cafe,925 Manhattan Ave,40.73104,-73.95456,141,3.5,11222
D-gd1Gb_Nmc2MN6G0KANMg,San Aroy Thai Kitchen,2906 23rd Ave,40.7748233734315,-73.9137511700392,135,4.0,11105
iS26QjjC-4GtP0YpoXwI8w,Zaab Zaab,208 Grand St,40.71387597679311,-73.960393,19,4.0,11211
2pJ782hnKTK0MWbc0H7EDw,Ditmars Thai,35-13 Ditmars Blvd,40.774694,-73.908293,51,4.5,11105
SZQqAil4kuXhNCLR7_6khg,Playground Bar & Bistro And Taitoon Thai Karaoke,7130 Roosevelt Ave,40.746388,-73.89379,228,4.0,11372
QhE50zhSMnQaudpHW1jp7g,The Tyger,1 Howard St,40.71888,-73.99951,421,4.0,10013
qNe3r33f17z1v10iEiB4DA,Tom Yum Koong Thai Kitchen,305 Boulevard,40.86490933997318,-74.07551752980436,191,4.5,07604
9fG8-RRh1rzuCKN2TmF-QQ,5ive Spice,227 Mulberry St,40.722598,-73.996272,651,4.5,10012
sSkLiIMnOBaN-XKwV5r3Cg,Spice,47-45 Vernon Blvd,40.744659975905634,-73.9535092189908,313,3.0,11101
lI91u68v2xTdE70lyioKAg,Lotus Thai Cuisine,7007 Park Ave,40.7929206,-74.0031012,296,3.5,07093
khvnn7cpiYSpe80ue5YLvg,Ddee Thai,42-06 30th Ave,40.762909,-73.91325,64,4.5,11103
qtRPV9YANKcXU3OzcUUokw,River Thai Edgewater ,24 Hilliard Ave,40.826372,-73.975091,240,3.5,07020
-5npn9NRmOun7VUVLZpjyw,Eat Gai,88 Essex St,40.7180351,-73.9882738,87,4.0,10002
OPSCHpuBSthP7UwnMm0GSA,Spice,975 Amsterdam Ave,40.8016123540962,-73.964790176728,217,3.5,10025
AAXX-WkDd1CW3_GgIVivvw,Chang Noi Thai,100 Stuyvesant Pl,40.6437040412059,-74.0776029179201,220,4.5,10301
SoEQRDUNYDZPVSSIhTOG6A,Muse,689 Washington Ave,40.6766485,-73.96339957259552,123,4.5,11238
BFe80peJUjkBYMliFoPu9Q,Kare Thai,752 10th Ave,40.7655031253324,-73.9911570940646,153,3.5,10019
7DnZWIn1Dcsvq-_pIXXFZQ,Hortus NYC,271 5th Ave,40.745481,-73.986518,420,4.5,10016
LvzN8TrUGJRj_UkJV0cAtQ,Empanada Mama - Hell's Kitchen,765 9th Ave,40.76441,-73.9885,2911,4.0,10019
fePu8xy0ir_ikZcS_vVSBA,Asuka Sushi,300 W 23rd St,40.74529,-73.99888,1088,4.0,10011
oe8GEFE4QLFAKt87y7zcgA,Very Fresh Noodles,409 W 15th St,40.74207,-74.00565,1344,4.5,10011
nI1UYDCYUTt23TpGxqnLKg,Buddakan,75 9th Ave,40.7422762672197,-74.0048000961542,4472,4.0,10011
hQHX3XzUQLACnxPLr3Rxuw,Three Roosters,23 Pell St,40.71474,-73.9983,56,4.5,10013
klAhw3xLQi9GF1tf_HnS7w,Izakaya MEW,53 W 35th St,40.750148,-73.9863203465939,2733,4.5,10001
3GMHPnrkFAcqffw3T7JSdQ,Kitchen 79,37-70 79th St,40.747551,-73.8868866,704,4.5,11372
4FD0TAxe70nb3ngk3sXF9Q,Uluh,152 2nd Ave,40.7293403,-73.9866071,794,4.5,10003
YjkEjOJ05z4MVDmbrWvWdQ,District Saigon,37-15 Broadway,40.7596365,-73.9199343,733,4.5,11103
dqjko5ndMGayALuhwq3ghQ,Thailicious,71 Clinton St,40.71931,-73.9851608,241,4.5,10002
Ey45ZiAN1TSVmvfM6DVZqA,Persepolis,1407 2nd Ave,40.76984,-73.958015,513,4.0,10021
i6CpYdmMYoz712bRWTWVgQ,Piggyback by Pig and Khao,140 W 30th St,40.747961,-73.99163,92,4.0,10001
gcEMZjjqy5Ucnv_5Pv-q1g,Tasty Hand Pulled Noodles II,648 9th Ave,40.760537,-73.990782,385,4.0,10036
9VyMJICKGbC7Y5Ssq-Xk7w,The Sabieng Thai,71 1st Ave,40.72554,-73.98722,119,4.0,10003
Z-M86oT4ek94qafHAzMFzw,Thai Taste,27-17 Jackson Ave,40.74799,-73.94045,4,5.0,11101
0eLtFI6MeEYM2rlMtcjRaQ,E.A.K. RAMEN and IZAKAYA by MACHIDA SHOTEN Hell’s Kitchen,360 W 46th St,40.76055191347044,-73.99018342883555,241,4.0,10036
I_YPy_YRtZFyWOSWs-gv4A,Luckyim Thai,,40.7065887451172,-74.0096130371094,165,4.0,10005
oNN202L_XcNM-tuDHlgkfg,Boon Chu Thai Place,83-18 Broadway,40.740638,-73.879645,360,4.0,11373
oowNI_aUmGEFa_VW8BFgRg,Tri Dim Shanghai,1378 3rd Ave,40.773951,-73.957927,508,4.0,10075
-YazuZbXAM_NOny8LpLQpQ,BKNY Thai Restaurant,47-11 Francis Lewis Blvd,40.7530184239866,-73.780074009384,1455,4.0,11361
eQzQo6XWLHstH5A2IpwXPQ,National,723 Fulton St,40.6871800754375,-73.9763717601786,443,3.5,11217
dnCRiUZWgu5ZI4Q-Z-az6Q,Thai Diva Cuisine,45-53 46th St,40.7414512,-73.9190131,159,4.0,11377
4M-nT45SdA119-lcJg9c9A,Sabay Thai Restaurant,75-19 Broadway,40.746098,-73.890055,155,4.0,11373
teuwAtlOMQq7pEl1oQtXVg,Banh,942 Amsterdam Ave,40.80085,-73.96562,193,4.5,10025
OBiBi8nimTl9GF64sPQfuQ,Mother Duck,167 Orchard St,40.72139,-73.98867,53,4.0,10002
Xf5xrD2qZb8_UCOiPbBq3Q,Two Wheels,426 Amsterdam Ave,40.784238,-73.977874,159,4.0,10024
Wq9cARVEwOmoqfg41mNRNg,Noree ,274 Grand St,40.718082705767486,-73.9928564,203,4.0,10002
wNhO_9gY-ZRZEBSA2anXtA,Native Noodles,2129 Amsterdam Ave,40.83824104348622,-73.93765379999999,152,4.5,10032
63e2dDq5WCbpaBlercQllg,Thai Essence,231 Franklin Ave,40.815803,-74.162223,289,4.0,07110
HDoJIH-qW9FqJ5WB-bKTqA,MIGHTY Bowl,1109 Lexington Ave,40.7738,-73.95945,145,4.5,10075
JRQBzjWWijnJAb0SLqHaxQ,Khaosan Thai Nyc,128 Montague St,40.694537,-73.994241,14,4.5,11201
r6r-XK_wL02FQdAgaauTxg,Kame,330 8th Ave,40.7474881059799,-73.996648862958,711,4.5,10001
jOGL9SOeMH2F6HO5qxbDHw,Boon Thai,681 Manhattan Ave,40.72499,-73.95162,90,3.0,11222
EmJ7rfmv2y6lQZxgA8U__g,Red Peony Chinese Cuisine,24 W 56th St,40.76278,-73.97589,545,4.0,10019
QVWmn5jmy_TPmg0G71Dk5g,Sea,114 N 6th St,40.71807,-73.960044,3457,3.5,11211
OvdCm3j_5HzItolfvwrEUA,Lilli & Loo,785 Lexington Ave,40.76357,-73.96703,457,3.5,10065
shHhP5lfZwrAYFL3K04_lg,Hero Thai-Izakaya,34-16 Broadway,40.76038,-73.92257,148,4.0,11106
i9OqZT0dLMPC1TbMtyaIWQ,The Noodle,370 Malcolm X Blvd,40.81002,-73.94352,269,4.5,10027
8zTyhMq0ki83WoWrq4D0qw,Nón Lá,128 E 4th St,40.725287,-73.987563,188,4.5,10003
YatDZB1Lhth3z3pfWCNPGA,Gub Khao Thai Restaurant,951 Main St,40.89535,-74.15975,63,4.5,07503
3oB2_2vpeIyxJt1GvlcZBA,Baodega,7 W 20th St,40.740201,-73.991727,281,4.0,10011
TzhAlljC_843JO7UDDUIaQ,The Tang - Upper West Side,920 Amsterdam Ave,40.80006,-73.96639,285,4.5,10025
0nvJPFqv5VD-Bf2WtzD0rA,One More Charm,236 7th Ave,40.669892,-73.979454,139,4.5,11215
StQmfKqdlPPsErC6Qulzfw,ME Chicken Rice,120 West 3rd St,40.7305,-74.00045,97,5.0,10012
l3aVYfTWVINXaNGxlMz0bQ,Soho Thai,141 Grand St,40.720078,-73.999641,197,3.5,10013
nIS0a4W7CNDU57cVwUvi9A,The Rooster,1575 Lexington Ave,40.788821,-73.948453,4,5.0,10029
od-UsU-zZx29CWLhq-eong,Chongkho Restaurant,562 Grand St,40.71101,-73.94929,53,5.0,11211
B9Mbi12NpBJkZcRtQNtMBA,Malaysia Grill,224 W 104th St,40.79948,-73.96775,338,4.0,10024
OWv-LobTHp8MWWZBT2mtIg,Sawadeja Thai Restaurant,64 Market St,40.8457617,-74.1605865,158,4.5,07012
bZQryeTD6hIsT6lSUxzSSw,Hanoi House,119 Saint Marks Pl,40.727066,-73.983505,696,4.5,10009
UtaqVG_FZGEhJ1xGyNVzMA,One Dee Siam,137 Newark Ave,40.72030420106932,-74.04373644282656,103,3.5,07302
yA29ur97O7B6kYr1g5IoAw,Aroy Dee Thai Kitchen,20 John St,40.7096786,-74.0089569,474,3.5,10038
NdfAypZmyfJk-nJIPaSx_g,Red Feather,82 W 3rd St,40.72975,-73.99893,84,4.5,10012
dHHrTsABlbjsX6EUJ8HHFA,Krua,1764 1st Avenue,40.78034,-73.94663,11,4.5,10028
U74_3F7r3tMhd6dmTmDBxQ,Macao Trading Company,311 Church St,40.719623,-74.003904,840,4.0,10013
QYr9EO-2FmdpOVUjOyNjgg,Raenu Continental Thai Restaurant,844 Amsterdam Ave,40.7974550862067,-73.9679066464305,127,4.0,10025
mESab-FqL5QqSVsnX72asQ,Zen Ramen & Sushi,150 W 36th street,40.75177475474212,-73.98897630211589,2532,4.5,10018
0iTaWucmr_NPSIyxUzCG1Q,Miss Saigon,928 Amsterdam Ave,40.800168,-73.966131,75,4.5,10025
ri2YWZ2jMuxauAUA__4uvw,SITA THAI,3609 Broadway Ave,40.82889,-73.94899,78,4.0,10031
0DagPXrDResqZYEIqJSvgg,Pho Master 168,W 40th St 6th Ave,40.7535516,-73.9850215,27,4.5,10018
TUoya6mwmxr0Zpr8oZSXlg,Thip Osha,795 Grand St,40.712123,-73.941437,112,4.5,11211
RmQOUUkwHDhuuh9Y6XzLsQ,Hungry?,77 Norman Ave,40.7253533,-73.952406,143,4.0,11222
BPErPpKSNluwcjbKRgze3w,Xi'an Famous Foods,328 E 78th St,40.77197,-73.95452,647,4.0,10075
vA2VEhW6S1ioX6tXtQdO9A,Lemon Grass Brooklyn,156 Court St,40.688684,-73.993137,797,4.0,11201
hdy924Rm4CkNXgO7R38YlA,Chomp Chomp Thai kitchen,78 E 1st St,40.72324,-73.987909,5,5.0,10009
qn9dgCRGNjHKDGilBamkiw,Noodlefan,1809 Victory Blvd,40.61319,-74.12367,182,4.0,10314
Up2LI3M1Uz3qJncRo0WgVw,Pho Shop,141 W 72nd St,40.778255,-73.980123,243,4.0,10023
V-rY0hlPjAghV14jOlVUiQ,Nikko,1280 Amsterdam Ave,40.81156,-73.95781,408,3.5,10027
pb_cHcy8D8UC-jQ-Q524ug,Som Bo,143 8th Ave,40.74192,-74.00136,267,4.0,10011
mIbmzqQ473BUF8cngXXs_Q,Joy Love Club,232 8th Ave,40.7444,-73.99891,126,4.5,10011
4ak7lLxs6jopSjkMWJ8yKQ,Kinkhao Thai,2200 Amsterdam Ave,40.84079,-73.93648,48,3.5,10032
nxUs6svpNSL0wAwAA2F34w,Clifton Thai Restaurant,239 Parker Ave,40.8758985,-74.1237514,505,4.0,07011
ScFp-0Jk5O79jUMk0Srm9g,Singlish,17 E 13th St,40.73497,-73.99304,22,4.0,10003
ojbH3wnRu050hRhkmoxRiA,Han Dynasty,215 W 85th St,40.78752,-73.97647,695,4.0,10024
C2o3Iw-DXjoUJFgQIbiqkQ,BoCaphe,222 Lafayette St,40.722062,-73.997587,1740,4.0,10012
xt8AcJzq61ksZbMJ1o--7Q,Wasabi Thai,897 Broadway,40.67825,-74.10648,135,4.0,07002
W03i9B7wZn2B5p9E_Yn5nw,T Thai,102 Hudson St,40.737459,-74.029991,319,3.5,07030
scTDvJ2M2jDbb1ntVeIyxA,Hao Noodle - West Village,401 6th Ave,40.7334863190479,-73.9998929006093,834,4.0,10014
gBoqjD5MTJuGx65QjAhJGg,Bangkok City,100 Fifth Ave,40.9123096,-73.8089336,186,4.0,10803
4xQ7ZLWHFALOmJJURDOCUw,Curry 42,220 E 42nd St,40.74998,-73.973,6,4.0,10017
eYcEbX3uZayc0jzd-Hjfqg,Moon Thai Kitchen,438 W 238th St,40.88711,-73.90471,60,4.0,10463
v3qL3KqFJYuS_3rCsgpuXQ,Rain II,1095 St Nicholas Ave,40.838382,-73.940054,193,3.5,10032
J9UA6rzI5WW_cDGjwDnF5g,Tsuru Ton Tan,21 E 16th St,40.73678,-73.9910699,2256,4.0,10003
gJMMX5Ip4AsulbzxMZgdYg,Thai Bird,2330 Borden Ave,40.7395853,-73.9469816,4,5.0,11101
Y92VtOkTZ6BirkJbUKCMOw,Rong Cheng House,242 W 56th St,40.76572,-73.98286,127,4.0,10019
pjCLHrmXcfb2BLaZS1fXsA,Thai V Express,203 E 26th St,40.7406835242277,-73.9813961461186,35,3.5,10010
8Oo2AtQEPDfxIOnA8wfXoQ,886,26 Saint Marks Pl,40.72877,-73.98873,638,4.0,10003
_ArDQIKj5qHgmwNnnIaIIg,I Am Thai Restaurant,49-08 43rd Ave,40.7445421133747,-73.9154577255249,314,4.0,11377
F_16U6tXkSSZYsjotzr-cA,AppeThaize,75 Baxter St,40.716353,-73.999926,38,4.5,10013
ZfuZ2byArGq-5j8zX8Afeg,Zest Sushi,249 Broome St,40.7178344726563,-73.9899597167969,927,4.0,10002
ynIx549QFj29o84y1RSGyw,Bao Bao Cafe,61 Lexington Ave,40.740829,-73.983474,509,4.0,10010
RYoc4EBUNOtgbg7c32OG9A,Atoboy,43 E 28th St,40.74364,-73.98456,574,4.5,10016
Bb0h5Rs8ugSM2CjulRhfBw,Spicy Moon East Village,328 E 6th St,40.72674,-73.98722,614,4.5,10003
oyyubJoK0VZ2V3a5sVJULg,Natsumi,226 W 50th St,40.761673475325274,-73.98518550748527,935,4.0,10019
DDrLKyZodnd9KbOWq4F5nw,Thai Palace,218 Main St,40.857302,-74.02525,177,4.0,07660
7pWF8zJ26goQRqdlzvW9Qw,Little Wayla,100 Forsyth St,40.71828,-73.99275,18,4.5,10002
R7EGjHWw0tNheY6-ahH8fQ,Tuome,536 E 5th St,40.72412482724,-73.9828906263924,645,4.5,10009
2ZBEE_MJeRdLD1NLiNTnCQ,Thailand's Center Point,63-19 39th Ave,40.746738,-73.900162,215,4.0,11377
h4wpGRaMue8FSbcMcz1qPg,DD Thai Cuisine,184 W Passaic St,40.9135404,-74.0795847,228,4.0,07662
cG9yhk_wkMm7XwR2HcHmrQ,Hidden Leaf,75 Manhattan West Plaza,40.7523775,-73.99826159999999,48,4.5,10001
5ZjNZd3Yg0jOkJ9WRx1r6g,Kor Tor Mor,204 Smith St,40.6846634,-73.9918633,283,4.0,11201
zYIKxE7eKeglXweoABjSwg,Thai BKK,2021 Lexington Ave,40.802786,-73.938354,95,3.5,10035
TwxP5xU_xyzlf7SVzCnpuA,Proong Noodle Bar,347 1st Ave,40.73528,-73.98003,193,4.5,10010
r2JVKalbucGf2nryywuL2w,Kopitiam,151 E Broadway,40.71387,-73.99091,924,4.0,10002
CgYWuNH0UHd5vp2vGgKflw,wagamama - Murray Hill,605 3rd Ave,40.74909,-73.9754,484,4.0,10158
ybczZr7m8jZtGe0qDPXW5w,Accent Thai Kitchen,631 Mclean Ave,40.9091134,-73.8792337,143,3.0,10705
rp_TaJRjaNmOCb8vJ2S_sw,Blossom on Columbus,507 Columbus Ave,40.7853146,-73.9728638,497,4.0,10024
AkoNWXRhZWyJInoWI1AaZw,Pad Thai Kitchen,6218 18th Ave,40.620614,-73.989027,162,4.0,11204
RnQjRZ9MJrBN9SKiIv3i-A,Amarin Cafe,617 Manhattan Ave,40.72345,-73.95087,303,4.0,11222
ntiDPLkWm6GDLkYh0d2tBw,5ive Spice,363 3rd Ave,40.74084302672611,-73.9812869,2,4.5,10016
cmssS5DPbF6Yv-EJdKVm_w,Khantong Thai Kitchen,57-17 Roosevelt Ave,40.745584,-73.906885,25,4.0,11377
1E7lCNaRAM1Da0vkt5rcvw,Thai Mission,70-11 Grand Ave,40.72779,-73.89279,96,4.5,11378
5DwGICd6TkAnvO6YNeYp0Q,Red Basil,4 Glen Rd,40.8273429870605,-74.1029052734375,268,3.5,07070
0vg2Z-HPwkyVVX613j2ysg,Peng's Noodle Folk,1659 1st Ave,40.77726,-73.94932,536,4.5,10028
7rTl_d-dqlK5dGG31ogSBg,Nanking,134-07 Rockaway Blvd,40.67484,-73.80398,382,4.0,11420
DNSFvZtdsqkaidmFSpm-Jw,Soba Noodle Azuma,251 W 55th St,40.76526,-73.9832,378,4.0,10019
i6H4hcjBSarJRVaieOZ2fw,Come On Thai Cuisine,7803 3th Ave,40.629117,-74.028483,77,4.0,11209
dyFvVNDumWZgXtV3GlK8vw,Link Thai,756 Grand St,40.71163,-73.94281,88,4.5,11211
g4EXxoV0z_TnyWF8h9xMKQ,May Kaidee East Broadway,215 E Broadway,40.7140637,-73.987464979291,107,4.5,10002
bjf8vmAIrdPo1aHoaYPkBw,Sweet Basil,39-28 61st St,40.746457,-73.9032297,155,4.0,11377
pREotiEdCIV1GKSp_pLgNA,Somtum Der Redhook,380 Van Brunt St,40.67707,-74.01343,76,4.5,11231
Jy-QPfrClkgZkI95j7hhiQ,Warkop NYC,366 W 52nd St,40.76444,-73.98759,20,4.5,10019
Hix3IMyb57KLGTqrcDrX8g,Avocaderia,601 Lexington Ave,40.75878,-73.97048,4,3.5,10022
MMotl_bi3-5JRra91A2jLA,Satay Malaysian Cuisine,99 Washington St,40.73731,-74.03066,601,4.0,07030
dEp2ubj8SRGD32N3yw2h_A,Noodlelove,192 Mott St,40.72097817273693,-73.99563495671056,179,4.0,10012
VpInBiE272MaN1Hi0DA-Zw,Sachi Asian Bistro,713 2nd Ave,40.7478,-73.97406,258,4.0,10016
rBZeiAqUn2m6mnVX7n7e0A,Fresh Ginger,311 East 45th St,40.75159117,-73.970003,46,4.0,10017
mUl0wtO7tPkBocuJqZ-7Dw,Dun Huang -  Grand Central,320 Lexington Ave,40.74922,-73.97785,303,4.5,10016
sKIYGvENchifk1YwFe77pA,Saiguette,935 Columbus Ave,40.79905296910165,-73.96281955317802,706,4.5,10025
2-z6dRAkKupCyz1LF251pQ,Jintana Thai Farmhouse,344 7th Ave,40.6665799,-73.98211,189,4.0,11215
Fz5shOVBZ4CF5xUKTq5PqQ,Bối-licious,160 E 44th St,40.752174,-73.97395,45,4.5,10017
1BJo1JcwYHUuk-UfJLEwUQ,Vera Thai Restaurant,43-01 Queens Blvd,40.74386,-73.9212,79,3.5,11104
xyBTcpnkIxV2h0AKU0pP0Q,Thái Son,89 Baxter St,40.71677,-73.9995,955,3.5,10013
yt6reb5HlIhJRubUVX80WA,Talay Restaurant,154 Stuyvesant Pl,40.64249,-74.07665,16,4.0,10301
hhjhupemqjXuxQXLCtl98A,Act One Bar and Restaurant,117 Columbia St,40.687597,-74.001266,9,5.0,11231
LpVbI-E9C-CSp7WhU5h2Iw,Fishmarket Restaurant,111 South St,40.70717,-74.00192,626,4.5,10038
W1L0UB1MvlhvkKTF43emSA,Jaew Hon New York,71-30 Roosevelt Ave,40.7464487,-73.8938216,249,4.5,11372
oS1e-zZ_qzZNIUEp3FYHhQ,Yummy Thai,4959 Broadway,40.86808,-73.9205,429,3.0,10034
m_PhHkyN-630ucF7r2F8EQ,Pho Shop,1716 1st Ave,40.77854288396,-73.9477937668562,397,4.0,10128
pXxBeKXDgcNSioo-3ysMcg,Wild Ginger,46 E 29th St,40.743969,-73.984268,1,5.0,10016
8SbvBebzRYaZuyxF-GEIDQ,Glin Thai Bistro,330 Myrtle Ave,40.69315,-73.97328,56,5.0,11205
gr3wUszE1972q0GBkmwEXQ,Bangkok Cuisine,10718 70th Rd,40.720954,-73.845238,484,4.0,11375
iueVEi_vQxdAzdXs-8Fvrg,Atami Japanese Fusion,1167 2nd Ave,40.76226,-73.9635,172,4.0,10065
ZQHZAvw1jvNznbo1wFb_4w,Bay Thai,6735 3rd Ave,40.63688,-74.02526,168,4.0,11220
2fZhuDglZd7ezwTACqIs-w,Vanessa’s Dumpling House,1623 2nd Ave,40.77689383926089,-73.95270970510296,24,4.0,10028
mU1ctN2chR3U3__d_Zjcng,Maple Thai Eatery,3602 36th Ave,40.75446,-73.92576,59,4.0,11106
gl9UKHI6G-JhIBjjLFOhYA,High Lúa Vietnamese Kitchen,182 S 2nd St,40.71258,-73.96045,274,4.5,11211
q_UIu1o9chUXMCLU-jTPxg,Honey's Thai Pavilion,3036 Westchester Ave,40.84787092391438,-73.83118508992126,289,3.5,10461
BtsXojrMtfLRhhFK7rm35A,Hupo,1007 50th Ave,40.742827,-73.953575,209,4.5,11101
qvX5If0CwM1RGzP3ie4SKA,Dumpling N' Dips,5 St Marks Pl,40.72944,-73.98934,118,5.0,10003
u0qfikB-ppp6UwoNKqxlRw,Flame,100 W 82nd St,40.78396,-73.97444,505,4.0,10024
_2V0as8DZDwVxAi3ZJ0JkA,Raku - It's Japanese II,57 W 76th St,40.779997,-73.976516,397,4.0,10023
YtU1rb_oDHTbYzl-NFglPQ,Burmese Bites,90-15 Queens Blvd,40.73456587384498,-73.86885806649397,110,4.5,11373
C3spvfEd8JQJie-yixRgpQ,Com Tam Ninh Kieu,2641 Jerome Ave,40.86702,-73.8982,502,4.0,10468
BPZfuPvSxCfoppU4lPFm0Q,DOMODOMO - New York,140 W Houston St,40.7280299,-74.00167,1525,4.0,10012
g7LLglNkZODPM6VyIqiEAQ,Chick It Out,32-06 35th St,40.758389,-73.9240812,36,4.5,11106
9v4l7pz4J709z0mkqUpQbw,Savory Thai,378 Metropolitan Ave,40.71395,-73.95554,112,4.5,11211
jX8N6SkVk-b95pTDO2vXJQ,Mr Fried Rice,135 W 50th St,40.76092452553811,-73.98190945386887,7,4.0,10020
HZWHBfeuP4Fb6y8b8uqnbA,Sushi Yasaka,251 W 72nd St,40.779583,-73.983482,1978,4.0,10023
oTkzgr7hzOAdlP99Auj3GQ,Momosan Ramen & Sake - New York,342 Lexington Ave,40.74993,-73.97746,1797,4.0,10016
ColGPMmJOa6YD44fjS6wfg,Sri Thai Thai Restaurant,234 Bloomfield St,40.74007,-74.03116,257,3.5,07030
E7q1Qf6380N_aMqz28EgNw,Duckedup,139 Ludlow St,40.7205,-73.98826,5,4.5,10002
xWUL-j6TQyKQHIfOtetu-Q,HanGawi,12 E 32nd St,40.746612323020926,-73.98476051936564,1353,4.0,10016
XNkC1vJmLOI8NRR3Jl_vyQ,Amy Thai Bistro,545 Flatbush Ave,40.66055,-73.9604851,272,4.5,11225
wfhMIiMh2A2psCGONOVSlg,Han Dynasty,90 3rd Ave,40.732072,-73.988074,1347,4.0,10003
CY1lJBQatCNo4-_ljlS1rA,Unique Fusion Restaurant,586 West 207 St,40.8670407799303,-73.9210193562469,101,5.0,10034
I7gwF5f2isHDNppVDXgFWw,Saigon Market,202 W 14th St,40.73864,-74.00029,11,4.0,10011
NebgteFykeM1gwiVgPcCHw,The Handpulled Noodle,3600 Broadway,40.828384,-73.948674,1105,4.0,10031
pCfGgX0WxGASGM4-Yhr2Pw,Hao Noodle Chelsea,343 W 14th St,40.7406999,-74.00436,579,4.5,10014
i8ejDDR4COtukAAA1Ls5fw,Soba-ya,229 E 9th St,40.72965,-73.9878899,1542,4.0,10003
lQ8Fzgji9qmgRXkFcvAsVQ,Chong Qing Xiao Mian,796 9th Ave,40.76513,-73.98753,341,4.0,10019
pSSajdYNKTyAGV8-fk7fWQ,Joya,215 Court St,40.686672,-73.993544,1377,3.5,11201
xq0cX_DgxiJMXwhmEl9kUA,Café China,59 W 37th St,40.75157,-73.98584,1857,4.0,10018
rvI-gvqsWy_HmunwUsjmGg,Bangkok BAR,238 36th St,40.657456,-74.007112,40,4.5,11232
H1jops1lmuhrq9lP7lEGJQ,Flor De Mayo,484 Amsterdam Ave,40.78609,-73.97658,1301,4.0,10024
9B8p3XBIdZG-VPE_-6aeKw,Niyom Thai kitchen,33-47 Francis Lewis Blvd,40.76633049271438,-73.7893941,46,4.5,11358
JmnkTReET5gqeYCga2NrxQ,Chachawan,881 Woodward Ave,40.70258728675213,-73.90156004684026,41,4.5,11385
ebug8VzizRlgdK2fYRi-6A,Chai,353 W 46th St,40.7607,-73.98982,82,4.0,10036
hSiTqxKKgvQSI5x5VdMjoQ,Top Thai Restaurant,8510 4th Ave,40.62325,-74.02838,343,3.5,11209
6CutdyyNi-wjh5QXMOielw,Atit Thai Restaurant,134 North Ave,40.907512,-73.779167,64,4.0,10801
bMjrKzPZ6JdxNq4Zf6sDQQ,Hungry Bowl,216 Humboldt St,40.70879997856922,-73.9415741,9,5.0,11206
eQKYZWnBjPUjINAnFmrmbA,P.F. Chang's,10 Port Imperial Blvd W,40.7802837,-74.00958480000001,557,3.0,07093
7ZQSMqWzvXMSetXnii2fBg,Excellent Dumpling House,165 W 23rd St,40.7440494396358,-73.995028194335,755,4.0,10011
s25mujxKWphsyFm0Ji1xYA,Mr Chow,324 E 57th St,40.7588502019644,-73.9643376320601,435,3.0,10022
rhWaFGReGsmyWAojvGWQlQ,PaPa Thai Cuisine,2115 Frederick Douglass Blvd,40.80346,-73.95647,93,3.0,10026
zdB4nA0Xpyxhi5oIt6wVng,JoJu,555 5th Ave,40.7558,-73.97874,257,4.5,10017
Os6Qyq_LOmbGXIlfha5dsw,Urbanbelly,103 N 3rd St,40.716907,-73.961885,1,5.0,11249
jwKPVep2qZYBUA6SLLQPvg,Legend 72,127 W 72nd St,40.77796,-73.9796901,278,3.5,10023
TXEl8kyZ4de8CoW7nT_i3A,Roy's Fish Market,1138 1st Ave,40.7617347309091,-73.9604171678531,243,4.5,10065
1XIHwTfpNms9IX-fRG-kIA,Theo Thai Bistro,53 6th Ave,40.681159,-73.97421,13,5.0,11217
wJLDkcnzMVx7vsgiTfXKsw,Kensi Thai Restaurant,2528 Adam Clayton Powell Jr Blvd,40.82275,-73.93876,9,4.0,10039
_lx7nuvXU7LhDRL3a9TMAw,DD Soup Dumpling,321 W 42nd St,40.757906,-73.990692,88,4.5,10036
Kqb7MjTPNkjPMoFRd-rWpw,MáLà Project,122 1st Ave,40.72713,-73.98542,864,4.0,10009
Qi1AoRNcFEX8etII_RZkFg,Ajisai Japanese Fusion,795 Lexington Ave,40.763763,-73.966743,175,3.5,10065
0fjab0vzFgIQ-FKzjFR7JQ,Dannee Thai,433 Dekalb Ave,40.690601348877,-73.9600830078125,177,4.0,11205
gpt2U4ecZSCLmgVQPtkzbA,Cha Pa's Noodles And Grill,314 W 52nd St,40.7637,-73.98615,712,3.5,10019
mQQxpyEegblKERyeuxrb5Q,Vanessa's Dumpling House,452 Amsterdam Ave,40.785005,-73.977188,109,3.5,10024
v2dtG37r1ThqtfEfiFsAUg,Shanghai Mong,30 W 32nd St,40.7476119995117,-73.9871597290039,616,3.0,10001
xtxcAUvrD4dWHJd0cwvW1A,JeJu Noodle Bar,679 Greenwich St,40.73304,-74.00734,885,4.0,10014
-KahGyU9G7JT0JmoC_Yc0Q,Garden Court Cafe,725 Park Ave,40.7698599,-73.9643117,12,3.5,10021
cYFWtHIlqnsx_jOtikSWSA,Ume,1154 1st Ave,40.76232396534527,-73.95977846461652,10,4.5,10065
f_vDVYSk-VUnlGTvgtBwkQ,Noodlecraft,10-39 47th Rd,40.74471,-73.95182,134,4.5,11101
zj4vqgljRhxwWlvttgFRKQ,wagamama - NoMad,210 5th Ave,40.74336,-73.98873,1087,3.5,10010
RwEs6AvU5Cxp_ENodsgxHw,Nana,406 Central Ave,40.74852,-74.04721,121,3.5,07307
9HwsZNvviqdJYzFICHlDcQ,Don Chingri,30-78 Steinway St,40.76201,-73.91682,114,4.0,11103
SSDOkx5enfRH3nsniS_2jA,5ive Spice,52 5th Ave,40.681442,-73.977241,897,4.5,11217
u8S7v2EJpT_HBNnBDoB2bg,Saigon Bistro,671 Palisade Ave A,40.82524918096694,-73.98329029930109,30,4.5,07010
Va_mnsEvBghHXvc7uZIWJQ,Spice Symphony,182 Lexington Ave,40.744722,-73.981202,667,4.0,10016
Eyn7hQENF8R9DrBwBHO6lQ,Pata Cafe,5614 Van Horn St,40.7326341,-73.8769762,92,4.5,11373
3NYQQckItp9l7GDzALw79w,Lin's Gourmet,1097 2nd Ave,40.759891,-73.965187,80,3.5,10022
ipxeCjihDqXTMkuPe-CQ4A,Arunee Thai,78-23 37th Ave,40.7494503,-73.8873621,343,4.0,11372
TcuWyuZAORVnQBPCMNbTgw,Beyond Sushi,62 W 56th St,40.76331,-73.97717,811,4.5,10019
AeNU0DYNtYDVPGnWAIh-0Q,Wok To Walk,570 8th Ave,40.754724,-73.991278,420,3.5,10018
55jx0bYJ-odyqKKSrDXtPA,MIGHTY Bowl,817 2nd Ave,40.75099515490632,-73.97160693756847,162,4.0,10017
QTQrXWuowKHNFGNssXT_TA,Forest Thai Cuisine,1211 Forest Ave,40.626607,-74.130334,139,3.5,10310
hnBgmEQsJgRhY3VvWnwkfA,The Green Papaya,110 Kinderkamack Rd,40.91157,-74.03576,439,4.0,07661
iSjPBJRiWqrgxW7ZM3CGig,Birds of a Feather,191 Grand St,40.71442,-73.960441,561,4.0,11211
xCE6-u-FWcyovRYd2uLG7A,Nom Nam,210 E34st,40.745414877806624,-73.97763863087883,24,5.0,10016
zqyGYIiCXL1Hz8KVZxbylQ,Hello Saigon,180 Bleecker St,40.7289399955423,-74.0009501203895,383,4.0,10012
SBy46BviyBKowPjbTjDsHQ,Lantern,101 Montague St,40.69533,-73.99544,503,3.5,11201
0VGn3bLaUG7lhM5WwkMTCA,Bangkok City Thai Restaurant,335 Washington St,40.74106,-74.02956,178,3.0,07030
mm8gYHxaLLRyv3CslY40TA,Suzuki Shokudo,38-01 31st St,40.75353,-73.93184,189,4.5,11101
naqIvgUYz6tleWu6S-j-uw,Hainan Jones,135 W 50th St,40.760904,-73.982122,39,4.0,10020
HScFap2SwbUlfC-QXVkxFA,Xi'an Famous Foods,37 W 43rd,40.755136,-73.982194,1685,4.0,10036
eBljpfHpo3m6oc5SFw-mLw,Falansai,112 Harrison Pl,40.70676,-73.92877,263,4.0,11237
NXg-oNpx0GYNiErdHb8L5A,Awesum Dimsum,160 E 23rd St,40.7388534,-73.98367370212858,573,4.5,10010
5SNS8Gro3FyAjHfejcXkXQ,Gai Kitchen,98 Mott St,40.717189594947605,-73.9972861,30,4.5,10013
dL6_XUUr_INX10IOMtSM0w,Oishi Bay,230 E 29th St,40.74187,-73.97895,215,4.0,10016
qGgQMVExGERqGhZNDM2ROg,Wu Liang Ye,36 W 48th St,40.75781,-73.97994,557,3.5,10036
LQ8ITaZIbaiQ8pHPOx5i6w,SkyIce Thai Food & Ice Cream,63 5th Ave,40.6806411743164,-73.9772872924805,786,4.0,11217
RVv-A4ePzWoRoV4YToVATQ,Siam Square,564 Kappock St,40.8786081,-73.9170971,132,3.5,10463
7VqMGK9uwi0vKqOjdKyIUA,Catch NYC,21 9th Ave,40.740234,-74.006342,2720,3.5,10014
QfcobhW--x1cEbQjOWrURg,Pattanian Thai,6402 Fresh Pond Rd,40.71012,-73.89958,13,4.5,11385
1ubEg-rrSE8IWXl6lJzIGw,Nur Thai,63-32 Woodhaven Blvd,40.7235516378586,-73.868817789544,636,4.0,11374
ltk6eEztrcwqnxlJyz09Iw,Killer Thai,207 Starr St,40.70513697091654,-73.9234444,6,4.0,11237
Vzx-7-jSEBz2g8NuGVhHvQ,Philippe By Philippe Chow,33 E 60th St,40.76409,-73.97039,891,3.5,10065
wurhcLKXD4YJ5XfTxpbE5Q,Grand Sichuan,229 9th Ave,40.747413,-74.001052,487,3.5,10001
jc7lVTvmYMIK5RNpENtS6w,Szechuan Mountain House,23 St Marks Pl,40.72911,-73.98858,590,4.5,10003
kCpKwCW49k3ImuI5cK6LSw,Gu Japanese Fusion Sushi & Bar,155 E 52nd St,40.75743,-73.97042,235,4.0,10022
CFIOL_GmkAuJyz3fKc7WYg,Sky Thai,62 Morris St,40.713814,-74.036506,459,3.0,07302
8-dc942sz-prIeepAkHLJA,Zenith Thai Restaurant,7002 Fresh Pond Rd,40.7023726,-73.8952926,133,4.5,11385
6FuUzI7BoL3K6kJfoGwMmA,Marquet,,40.76121521,-73.96776581,5,5.0,10155
MdDj13LgIs0WdbIdiyqB7Q,Pinch Chinese,177 Prince St,40.72645222833495,-74.0017973317552,447,4.0,10012
IkOW8jcaFYOll4albHitLw,Lotus + Cleaver,28-17 Jackson Ave,40.74902961482093,-73.9387376,70,4.0,11101
QaolMEijS7L6eodSneOdng,Tri Dim Shanghai West,467 Columbus Ave,40.78412,-73.97368,206,4.0,10024
I7z828r-k_shx2JbqL2DeQ,Little Myanmar,150 E 2nd St,40.72300252512418,-73.98551929999999,65,4.0,10009
8cyRl5HIQzbkYD7orq223g,SHI,4720 Center Blvd,40.74599336793073,-73.957094,910,3.5,11109
Aw69I2eD-lYffytWGGYM8A,Pinwheel Garden Dumpling & Noodle Bar,318 Communipaw Ave,40.71039,-74.06102,400,4.5,07304
SNhDVaf_n7VDZcfry8mYdA,The Bao,13 St Marks Pl,40.72939,-73.9889199,1406,4.0,10003
BJn68qCExYQrPCT7CeOpzw,Moon Star Grill,3519-25 Johnson Ave,40.8861089331436,-73.909908766271,133,4.0,10463
FXhSEZfIqjMZh4hR0_8jMQ,China Xiang 中国湘,360 W 42nd Street,40.7582902125633,-73.9925113993899,541,4.0,10036
oTL_nPII6x0HfPVpEQklUg,PLANTA Queen - Nomad,15 W 27th St,40.744435,-73.98832,537,4.5,10001
l44CFBTejwL0ElKmkH7xQQ,Decoy,529 Hudson St,40.734207418277244,-74.006519,456,4.0,10014
PRQyJoum--REZ-yeEidyBg,Soba Noodle Azuma,246 Main St,40.85172,-73.97219,415,4.5,07024
Ri0hq80RV6yrPDHmW4Gu3g,Spice Thai,394 Bedford Ave,40.710786,-73.963886,32,4.0,11249
tNxOyonJ1Rf5MdgdDoFzIg,Kausa,745 9th Ave,40.763837,-73.989084,99,4.0,10019
NgtVHBGqkR22c_V7Vm4DIQ,Kyuramen - Times Square,315 W 46th St,40.760309,-73.988599,76,4.5,10036
Ii8c5ybfIoCZf-H92pLfDg,Phoshime,165 E 33rd St,40.745489,-73.979024,8,4.5,10016
22uB5xk1aXPwRi9mc6bmOQ,Ajisai on Duane,183 Duane St,40.71751,-74.01021,38,5.0,10013
PLHPKk7wDlKDNyA1qowV4w,Zhongzhong Noodles - Bronx,657 E 189th St,40.85658,-73.88415,55,4.5,10458
cPES3ErgMEDnHwRVNQt-hQ,CZEN Restaurant Englewood,36 N Van Brunt St,40.89547,-73.97475,35,4.5,07631
MwtXOkRUndPU-ivbtLD-bQ,Amura Japanese,1567 2nd Ave,40.775001,-73.9542,385,4.0,10028
JX5QkNfMd-jP-Nz5iQ_QeA,Thai Nara Halal Restaurant,64-02 35th Ave,40.75011,-73.89848,74,4.5,11377
sb1_MyLHzmjV1Jk21pyOIA,Sao Mai,203 1st Ave,40.730362,-73.98362,639,4.0,10003
neccHiLwwGeMUVRXSC7q_A,Hide-Chan Ramen - West Side,314 W 53rd St,40.7643263,-73.9854547,257,4.0,10019
iPaule2uCieebZk0rVFG1w,Lum Dee Thai Cuisine,218 Columbia St,40.68471,-74.00301,42,4.5,11231
zENn0_yDJEdLoHyivXb2xw,Black Thai,81-16 Northern Blvd,40.7553269,-73.8860092,317,4.0,11372
6dVXDdgzDEVt4DvHzpWo9w,Tang Pavilion,65 W 55th St,40.76275,-73.97725,343,3.5,10019
FL7aHCbKMDSpchQS1KucHQ,Thai O'Brien's,478 Ave E,40.6698972931556,-74.1095638275146,148,3.5,07002
AwiDxfV8j7x3_7dtUEkWmQ,Saigon Kitchen,2024 Center Ave,40.85266,-73.97141,461,4.0,07024
HOZsJkXLEWMy03TOMaH0jQ,The Pho 2,273 8th Ave,40.7457768,-73.9983051,203,3.5,10011
B0e6kXT0doU-n6EvMVGzQQ,Thai Me,918 Broadway,40.697306,-73.936091,165,3.5,11206
pBIvJHn65iqlUh1L2tN-qg,TAO Downtown Restaurant,92 9th Ave,40.742543316070794,-74.00384559819703,1667,3.5,10011
GAFqRBlqZpLK2vYbiqzYhA,Peppercorn Station,66 W 39th St,40.75266,-73.98512,73,4.5,10018
LvmDVd1OlRGFdtY4RH2iSQ,Abaya Thai,318 W 36th St,40.753665,-73.993568,81,2.5,10018
BiFBVQwkCIurPP-ytstGwQ,Shima Sushi,226 E 51st St,40.75588,-73.96926,76,4.0,10022
GSOwJ5Gr8X4eGbkIjCzMWA,Thaism,278 Smith St,40.6824841,-73.9935637,189,3.5,11231
ZGKdgFAGOL6NOPXPrBkhzA,Myrtle Thai,438 Myrtle Ave,40.69308,-73.96814,194,3.5,11205
Wa_-nKA-IWYMN15YagHr9w,Kin Sen,86-08 Whitney Ave,40.741724,-73.878682,8,4.5,11373
Ece_DRuD1yQjRPJBAebRpw,Kung Fu Little Steamed Buns Ramen,146 E 55th St,40.7592514705491,-73.9694294705987,376,3.5,10022
Be5anr2hGPZg8tJhbDl6fw,Thai Direct,,40.7282702,-73.9506774,2,5.0,11222
IYwz7ck1OZCoZqW0F31pLg,MISC,758 Franklin Ave,40.672706,-73.95753,213,4.0,11238
p2sAfaFyfFj9nYPyqcmQdw,Thai Sidewalk,100 Front st and Jay St,40.702355071402245,-73.9866978,49,4.5,11201
V58g7E1AHkuTchTVyLQuYQ,Saigon Grill & Bar,4521 Ave N,40.61883,-73.93099,277,4.0,11234
pPqEu60FMffpiWqk2MCrVA,Hutaoli Music Restaurant & Bar,42 W 33rd St,40.748413,-73.9871229,174,4.0,10001
WVkR6Fm98a1V5OcbDLEcnA,Locanut,807 9th Ave,40.76571,-73.98755,75,4.0,10019
utg1E8cea7vY5VuDyoOthA,Sompong Thai,3709 83rd St,40.74952452397624,-73.8831180000046,138,4.0,11372
OuHB-EdeXmQ26QDzAsDxyw,Thai on Clinton,168 Montague St,40.693925372884756,-73.99241130799055,38,4.5,11201
dtk1Cstz5MHr-B1AOM_nXA,Gyu-Kaku Japanese BBQ,805 3rd Ave,40.75537,-73.97054,1283,4.0,10022
S3ZAZrpakAUs8sVUb6ving,Little Kirin,81 St Marks Pl,40.72782,-73.98551,121,5.0,10003
uPVYeVOSLmvAkbxM9cTAQg,Mamak House,250 Rte 440,40.705302816474706,-74.09962288773093,132,4.0,07305
rPKXTHDgtGI4XEo2HuVpow,Mr. Jones Supper Club,22 Jones St,40.7317819,-74.0025704,64,5.0,10014
wUKR0A14ZwXfHDLjtiaT_g,Kaya Asian Fusion Bar,334 N Main St,40.884836,-74.082217,154,4.5,07644
PMMNurtRhVWYEx8wgf3QPA,Two Wheels,40-05 Skillman Ave,40.74741,-73.9232,1,4.0,11104
fJW2CdsqXrKRtaHqoZoeHg,Jad Jaan Thai Vietnamese,83 Audubon Ave,40.84124,-73.93768,41,4.0,10032
3Qpi419I29t3sCHMzC_h-g,Harvest Chinese & Thai Cuisine,1502 1st Ave,40.7718201,-73.9526672,110,3.5,10075
ZdLS7gD1ulmCPkqNc9_S3A,Keming Restaurant,1006 Washington St,40.74893,-74.02772,202,4.0,07030
abNHO9-xlCsv31gghCUuxw,Zutto Japanese American Pub,77 Hudson St,40.71847,-74.00903,995,4.0,10013
uHbd3DXA1TyJ-hIACdBxZA,Saigon Bistro,514 Central Ave,40.75204,-74.04493,140,4.5,07307
S2aDRC4FfKQkFOFcVF0O9w,Bangkok Station NJ,234 Maywood Ave,40.89556,-74.06549,17,4.5,07607
_du3ilTsbLqBmEY-ZyfqxA,Van Đa,234 E 4th St,40.72341,-73.98307,159,4.0,10009
xCHApgtkLpEyh0lz-uhZvg,Szechuan Garden,239 W 105th St,40.80053,-73.967586,374,4.0,10025
NVcKEwdKGSSDnIAceebMpw,Abacky Fusion Cuisine,253 W 26th St,40.7471121804058,-73.996648862958,35,3.5,10001
xG7W7SpI5_sJQXl-aIciIA,9 Thai Cuisine,59 New St,40.7407899,-74.17213,45,3.5,07102
Bh0Rxd4Yi21luny0S95GaQ,Ceetay,129 Alexander Ave,40.807149,-73.927612,369,4.0,10454
CvSOAN2WWzLRGND4vN1xtA,A1 Asian Fusion,2071 7th Ave,40.80785,-73.94867,126,3.0,10027
k9SHpkjwlYnXZkSLVtl11w,Tenzan,988 2nd Ave,40.756202,-73.967201,330,3.5,10022
cugwo9ncnGnH_Chu-P-iAw,Am Thai Bistro,1003 Church Ave,40.646825,-73.970082,620,4.0,11218
BKABojUN3G9vUrG3AlDZgQ,Wild Ginger,182 N 10th St,40.718859,-73.955371,171,4.0,11211
q7U2GCMWIZxIqWeMDml0LQ,Pure Ktchn,352 West 46th St,40.76053,-73.98992,389,4.5,10036
9DceMTrjyVqBgQRqgR6GWw,Red Bamboo,140 W 4th St,40.7311846,-74.00042619999999,1823,4.0,10012
Jh6wMPv4IK9jUpWMGj4J9g,Mama Pho,580 Grand St,40.710914,-73.948592,304,3.5,11211
TuGFxspYWd0smugwUeN9sA,A Gusto Thai Bistro,1450 Fulton St,40.6798609,-73.942852,154,3.5,11216
wobICp6lQP7Y6dfnJ_4Ujw,Shun Lee West & Cafe,43 W 65th St,40.77269583,-73.98150783,555,2.5,10023
kgX1iNxVYKFSQ9k0oPaeKA,Dill & Parsley,1155 Avenue Of Americas,40.75666,-73.98335,61,4.0,10036
ePVlFbTzdVQFWie__kdplg,Main Noodle House,1011 6th Ave,40.752143,-73.986396,468,3.5,10018
cC3YTWMYCmV0fTXToKo0Jw,Vegan Bowl,1590 Lexington Ave,40.78924,-73.948729,2,4.5,10029
3ik-lT8Pu7PAc_04af1J0w,Vegan Ginger Root,1164 1st Ave,40.76252961552352,-73.95957,148,4.0,10065
SyvC0s3y0ZrtnLbwnvw7tw,Tim Ho Wan,85 4th Ave,40.731338,-73.990145,1855,3.5,10003
owKe1hapqCCLnme2Xr3mrA,Spice Noodle,1509 Lexington Ave,40.786726,-73.949952,66,3.0,10029
fbxOVzLvmIB13_5adb1hfQ,Our New Place,242 E 79th St,40.77347,-73.95576,23,4.0,10075
_WXa2M3gz2Mi0ys3s88nDw,La Salle Dumpling Room,3141 Broadway,40.81403,-73.95983,319,4.0,10027
37xSQ6l3feGBbmoqN84H3g,Monsieur Vo,104 2nd Ave,40.72741,-73.98816,47,4.5,10003
B7bxdtvLYR7Nmex4AIFd4w,RedFarm,2170 Broadway,40.782051,-73.980415,727,3.5,10024
bnDfFdiCcPzhuNWUJORvLQ,Noodle Village,13 Mott St,40.714167,-73.998803,1341,4.0,10013
DpfE0gPBXj-aj2pnEh4E2Q,Wei Williamsburg,145 Borinquen Pl,40.7107868,-73.9542168,218,4.0,11211
GKZa6xX1ZctdDTLDyfGBHw,Thank You Come Again,445 Albee Square W,40.69085,-73.98329,53,4.0,11201
Ci8ZAbhfNc0sj3kwj6XRmw,Beatnic - Rock Center,1 Rockefeller Plz,40.757733,-73.97889,509,4.0,10020
KJFosOrLotvQo_rntg0sjA,Bricolage,162 5th Ave,40.67792,-73.97975,651,4.0,11217
GzY2EjCmGNgvRd7IE20fTA,Wei West,235 Murray St,40.7149792560543,-74.0148960394593,237,3.0,10282
mFWOB5TqSF2MSKuACnt3kw,H&I Express Thai,459 Bushwick Ave,40.701727,-73.936639,29,4.0,11206
_Ki5XZTB8mL9RDYGj7KP0w,22 Thai Cuisine,59 Nassau St,40.70925,-74.0088,201,2.5,10038
RoXFN-T1s6moM5smbY_5Gw,Mee Noodle Shop,795 9th Ave,40.7653751,-73.9879042,562,3.0,10019
V2P3CWfUW_olSywlOlHGjQ,Asian Fusion,7827 Bergenline Ave,40.80165,-74.00705,147,4.5,07047
S7ivv5O0beH3U9cV3cRD_Q,Jujube Tree,35-02 30th Ave,40.76512,-73.91821,427,4.5,11103
hZDZ--W5gd7E0W8lz_feLg,ABC Eats Food Hall,22-22 Jackson Ave,40.7455044,-73.9461136,35,4.0,11101
fBQvUemE3OVI1NAZt5KDFA,Pho Saigon,296 Main St,40.8876794664474,-74.0409277752042,198,4.0,07601
CqQ2Og9kf-LhlUWtODalCQ,Blue Ribbon Sushi Bar & Grill - Columbus Circle,308 W 58th St,40.7674948014194,-73.9831978922043,835,4.0,10019
zb78ua-FlfFRj8v082giBw,Jimmy's House,162 E 25th St,40.74016,-73.98256,142,3.5,10010
97j_C4P6VqRIHz21usaFig,Beds Thai,1185 Bedford Ave,40.682745,-73.953594,42,3.5,11216
QZgPeT9JGGvNgSr9i4m29Q,KUBA RESTAURANT,2139 Hudson Ter,40.85492,-73.96347,136,4.0,07024
_KxtKB7CIN0z5sd4lZU9Zw,Bixi,2164 Frederick Douglass Blvd,40.80478,-73.95488,58,4.0,10026
m4_k7yyNyU3yuUtb9CbpmQ,Thai Evolution,536 3rd Ave,40.746921,-73.977661,3,2.5,10016
QJ_tcL-PH5Cx1QYftTh3Ww,Thai - Nese Fusion,552A New York Ave,40.812842,-74.1184953,67,3.5,07071
5AD9nY8UrYlCVMb3Y6KeWg,Bonchon,207 W 38th St,40.75383867,-73.98911659,1090,3.5,10018
FhXBKrLHyK7np4d0_f1s-w,Swadist Restaurant,715 Newark Ave,40.734995,-74.061407,191,4.5,07306
zRQNaDUoWTInc2tqndSJVA,Thai 101,39-15 Bell Blvd,40.76488,-73.77133,336,3.5,11361
brMIenh-sAXr1zq6zpBKLA,Sawasde Thai Cooking,359 McDonald Ave,40.6454,-73.97973,175,4.0,11218
XghOzJn16M-nvaKMOdC5og,Verlaine,110 Rivington St,40.720079,-73.987785,1496,4.0,10002
kwqOmEwWJ0D9PyCdFGE3-g,Xian Famous Foods,14 E 34th St,40.747844,-73.983901,740,4.0,10016
WpfuHkTsiRN2EerQ8ZaG4g,Saigon Cafe,188 Newark Ave,40.72164,-74.04574,395,4.0,07302
S14Ewv4-h0-EtfMeYMbrzg,Eim Dee Thai,279 Bushwick Ave,40.706552,-73.939477,32,4.5,11206
08RdDQgHbrZqhLGRATxRHw,Gourmet Meal Plan,255 W 36th St,40.7533450678648,-73.9915273187867,1,5.0,10018
uaFHoq-a5XqxF-bsOK9_Qg,Real Kung Fu Little Steamed Buns Ramen,811 8th Ave,40.7616286634162,-73.98688,1115,4.0,10019
VMDmMIWR059HKMp_Mj3Msw,Thai Tree,36-17 Greenpoint Ave,40.7379204227519,-73.9293925641142,37,3.0,11101
UFMXc5B0i_IetI-f8Dpb5A,Coco Thai,268 Prospect Park W,40.6585694,-73.9822303,91,3.5,11215
3pOAiE7W7nDEeVFNy_vmfw,A La Mode Oriental,37 W 54th St,40.7621,-73.97732,34,2.0,10019
JJLFsLZbL21fbYRqcIGCLA,Awesum Dimsum,612 8th Ave,40.7557,-73.9907,239,4.5,10018
lPdN_JjD_rMovgKQVxCBgQ,Wan Wan,209 Mulberry St,40.7218,-73.99643,1,5.0,10012
bLDHO08mO_OMNMBW9gdetw,MoMo Sushi,239 Park Ave S,40.737917460763086,-73.98782763958498,220,4.0,10003
YUupWsGbZx-bGea9fdmW4w,Ko Sushi,1329 2nd Ave,40.767795,-73.959442,365,3.5,10021
PyaeHq_UAu6nazGiy0XAnw,Ginger and Lemongrass,1253 150th St,40.78929,-73.81369,931,4.0,11357
jLhKLKuNPMTzAMJgEY5DsQ,Monarch Restaurant,146 Metropolitan Ave,40.715895,-73.962271,112,4.5,11249
PoHNZsMAx3B_wuNoib7w0g,New Manila Restaurant,Marathon Terrace Queens,54.1647,-4.46761,3,4.0,IM2 4NH
IJg3TdXz8IzKTfcspmr8MQ,Seasoned Vegan,55 Saint Nicholas Ave,40.800664,-73.952757,1238,4.0,10026
PGTXtUEt73UrwPvc8bhFvA,Wayla,55 Water St,40.703430783425134,-73.99160719999999,3,4.0,11201
Ka27FAW9hMJktYdiKZcqdw,Mr.Buncha,4509 40th St,40.74329321703039,-73.9242541,69,4.5,11104
Clumryf360iOnwpZ2ML8aw,Sushi You,246 E 51st St,40.755555,-73.968736,282,4.0,10022
Ut4N7Fxikkxi214fy5Qo2w,Send Noods,11 Mott St,40.7140600199484,-73.9988298341632,1,4.0,10013
dOxHYQmBR14Fa2C1X8oMMQ,Sushi Lab,132 W 47th St,40.758413,-73.983292,468,4.5,10036
lgHmMRBaU-48kGaNz3jYxg,Chairman Sun 国色天湘,47-30 Vernon Blvd,40.74465,-73.95375,235,3.5,11101
OVAV0k2O1kqeuRFyt95qzg,Ma Kin,7419 Metropolitan Ave,40.7130368,-73.8775219,131,4.0,11379
QjXjUpyYlopIN_JK6A_s-w,Mimi Cheng’s Dumplings,309 Amsterdam Ave,40.7801418544804,-73.98022,68,3.5,10023
q2HGvziLlfQGChoDPFjTCQ,Szechaun Mirchi,850 Newark Ave,40.73621,-74.067281,84,4.0,07306
C2E1E0o-ssSrf_dokwxTXg,Massawa,1239 Amsterdam Ave,40.8099,-73.95856,368,4.0,10027
QaEqD7q2GtmlovBOPC6yIQ,Murasaki,46-44 Vernon Blvd,40.74567678701478,-73.95327455356471,258,4.5,11101
v9jVyul3V5cqUkQco-iq8Q,P F Chang's To Go,885 Eighth Ave,40.76405,-73.98499,1,4.0,10019
zpJeDFSaXag2jot5uMTrCQ,little mint,74 5th Ave,40.7357336,-73.9942513,3,1.0,10011
jvPYm9rYK-5ddnjU30Oz4Q,Avant Garden,130 E 7th St,40.7261499,-73.98402,415,4.5,10009
UBnrFZuqa1nMrV7ncWHBwA,Corthaiyou,1310 Cortelyou Rd,40.640433,-73.965713,232,3.5,11226
vw_Xsqnep2odsL3l5-Tn1w,P.F. Chang's To Go,938 3rd Ave,40.7598503,-73.968008,33,2.5,10022
56rTisZA_iEekMsyZHvSHQ,MomenTea Kitchen,213 W 40th St,40.7551628731681,-73.9885599911213,106,4.0,10018
rehmlZmUNL2AthW-VTXJJQ,Tasty Thai,72-04 Forest Ave,40.69984,-73.89958,133,4.0,11385
t1_qBEjXscQn-mp6-or_sw,Suyo Gastrofusion,1401 Plaza Dr,40.84061,-73.91825,295,4.0,10452
Ve_iFpnhL8zN789ZL2jnxQ,UThai,63-55 Wetherole St,40.7282415,-73.8639467,246,4.0,11374
9I8mZXCkGZBmFh5fYOYorw,Em Vietnamese Bistro,57 Front St,40.702670064808366,-73.99118578021728,136,4.5,11201
gMsYn7zCsgV36P-ZL3gDaw,Flatbush Thai Corp,561 Flatbush Ave,40.66002,-73.96042,10,4.5,11225
nZdo3ihbeX0l9eLBFS-nWg,DOMODOMO Jersey City,200 Greene St,40.720237887545395,-74.03427148430569,618,4.5,07302
iheFO5N-JE-hXCWO4USvPg,Rice n Fire,123 Ludlow St,40.719763,-73.988776,1,4.0,10002
AImhpHnwq_1qJeopUzdohA,House Of The Red Pearl,96 South St,40.70660163313178,-74.00266169999999,29,3.5,10038
E0y_RtLh43VqcUrVXOuYWQ,Just Pho You,2656 Broadway,40.79759,-73.96931,46,4.0,10025
nu239sXQUGjcGFhZ3AdJmQ,Erawan Thai Cuisine,4231 Bell Blvd,40.761821,-73.769775,374,3.5,11361
nJh1ioLcN6XBQEstR6x9yw,Dai Hachi Sushi,46-18 Vernon Blvd,40.74633,-73.95319,262,4.5,11101
9HD5HQiTkURkx5i7hL92EA,Spicy Moon West Village,68 W 3rd St,40.729318,-73.99832,313,4.5,10012
QGEsxvYE16UzpjJPa-6qXA,Num Pang Kitchen,75 9th Ave,40.7424,-74.00592,342,4.0,10011
WueXPnaTvM_R5UuPjxbbQw,Amber West Village,135 Christopher St,40.733165,-74.006958,262,4.0,10014
6KWuxjK1ey72cW8LVuoV5A,Mr Bao,208 Bedford Ave,40.717057,-73.958764,76,4.0,11249
WFx1VcopQGjW7jbERZUUbA,Tommy Thai,85-32 Grand Ave,40.7353096,-73.8810272,168,4.0,11373
et9pAFtSvNOct9Qcmtcf7g,Mido Japanese,612 Amsterdam Ave,40.7900491,-73.9734598,263,4.0,10024
yiyc5wbgSCe13I7hj_jb-A,Pho Bang Restaurant,157 Mott St,40.71952,-73.99657,604,4.0,10013
EzyjRrhRpt_NR7wIwqm_Rg,Prik Thai Kitchen,4716 30th Ave,40.760919256927295,-73.90903266139871,103,3.5,11103
rYw5rQbWRX9buZHZbxqWdA,Congee Village,100 Allen St,40.7187,-73.99031,1740,3.5,10002
Dqp5Itsj9dN0Ewz8Gm853g,Philippe Downtown,355 W 16th St,40.74213,-74.0038,163,3.5,10011
yDR9eVFATpyzrz3x1DtJGg,"Aroy-D, The Thai Elephant Truck",1 14th St Hoboken Nj,40.75293,-74.02495,40,3.5,07044
hzh4b_Ly9AvIxWMGRjr_fw,P F Chang's,113 University Pl,40.73422449698378,-73.99228516504304,32,4.5,10003
zC5GU4K-IHc25kXf6DVCBg,Brooklyn Dumpling Shop,131 First Ave,40.727593,-73.985612,381,4.0,10003
8prcl4Adt88JLQVzL74xeQ,Bolero,177 Bedford Ave,40.71799,-73.95741,81,4.0,11211
-bM9YDomW6BX3zGDHN24XQ,Curry House,9 Pell St,40.7147043540403,-73.99770502336152,34,4.5,10013
do0zfW2TRnGi-AU5MWHMew,Plant Blossom,881 10th Ave,40.76945,-73.98854,22,4.5,10019
MDMw0HFK3rgeGRl-FZC9Fg,Banh Mi Saigon,198 Grand St,40.7192950325997,-73.9967160153442,1611,4.0,10013
kawTi2VXBNhbvNxQxc0YeQ,Street Boi,1021 Church Ave,40.64698905080299,-73.9696766,37,4.5,11218
WRRs3smfm6rHP5k4Slzr3w,Hop Won Restaurant,139 E 45th St,40.75322,-73.97399,156,3.0,10017
vZgJyMZlpSSS_Y-duxd4_A,Kings Co Imperial,20 Skillman Ave,40.71512,-73.95097,394,4.0,11211
FQi7AP2j9UYc1c-VTF00rA,Wok In The Clouds,127 E 28th St,40.7429,-73.9828,21,4.5,10016
YCen62jqSWhPOAorQjSZdQ,MoonHouse,1810 3rd Ave,40.788337,-73.947502,117,3.5,10029
d8zSYpArh4oXpxeJWNA4Pg,Nish Nush,88 Reade St,40.715688,-74.007695,797,4.5,10013
YvhVIOCXT8X71nkAy388Lg,Lily Thai,615 Grand St,40.7114199,-73.9476,228,3.5,11211
1jAB_uaI8-P_wSqOo2S3KQ,Mazu Szechuan,495 3rd Ave,40.745234,-73.97812,111,4.5,10016
4MDltWx_2dxzTEv6mTRfSQ,Rangoon - Brooklyn,500 Prospect Pl,40.6757,-73.96002,149,3.5,11238
dP6SmZ5E5Nj64-3zZMjGSg,New Wong Asian Food,1217 1st Ave,40.76388328668932,-73.95888984723881,69,2.5,10065
8ObY1IkKWvx99nIOqRBshA,Chi Dumpling & Noodle,1 W 59th St,40.764227506361664,-73.97427562766836,46,2.0,10019
I6XC8dNxUzIcIOEbq3LJsQ,Number One Chinese Restaurant,6514 Park Ave,40.78975,-74.00513,25,4.0,07093
PBTt3VjrFnbYpFIUcWXzOA,Brodo Broth,1246 Lexington Ave,40.7783834,-73.9565786,2,5.0,10028
6ajnxlCkejQ5jFoVQr1iCw,Hello Vietpho,63A Reade St,40.71489,-74.0066,23,4.5,10007
No4ny0agfERlycMQwkLD4w,Purple Yam,1314 Cortelyou Rd,40.6402061280108,-73.9656538486476,456,3.5,11226
HyENSD29rcF_5iSFakhMSw,Song,295 5th Ave,40.6735,-73.9825199,1125,3.5,11215
4fBgrzK3S_zSlVJ6sLJYTA,Red Bowl,8518 3rd Ave,40.62393,-74.03104,69,4.5,11209
0CjK3esfpFcxIopebzjFxA,Joe's Shanghai,46 Bowery St,40.7156608,-73.9967012,7052,4.0,10013
l5kvoGj9t3ZcR0Y3nQWcNw,Lula Mae,472 Myrtle Ave,40.69329,-73.96639,4,5.0,11205
inp9N7bo9zqQSa8h8UBhqg,Empire Szechuan,193 Columbus Ave,40.77519480003534,-73.98020523638911,282,2.5,10023
7bpZZUpEclhn29wWVqFsKA,Lucky Rabbit Noodles,140 Plymouth St,40.70375,-73.98809,13,4.5,11201
qd9_gxrmskbOT6OLN9sShA,Dock Asian Eatery,22 Wyckoff Ave,40.70628,-73.92274,206,4.0,11237
iB1tr_xJk7aAt0AhewoB9Q,Thai-Nam Restaurant,137 E 45th St,40.7532501,-73.9740524,44,2.0,10017
BEuZGvNlbM4tXq7YICyM6w,LuAnne's Wild Ginger All-Asian Vegan,380 Broome St,40.7204631,-73.9964956,684,4.0,10013
siUJ0sgVaJDjeY0urMWGFg,Forsyth Fire Escape,601 W 26th St,40.75154,-74.00685,18,4.0,10001
ybPMdh4XiTTwLWOMUXdwlw,Thai 101 Bistro,448 Myrtle Ave,40.6930313110352,-73.9674987792969,213,3.0,11205
nd0uXNXaeaDMuMk4C1GusA,Bukhara Grill:Indian Spice Rave,217 E 49th St,40.75501,-73.97028,555,3.5,10017
xvqG8x-EMcUysuOzY7RsPg,Glow Thai,7107 3rd Ave,40.63394,-74.02661,268,3.5,11209
DtkyPDGAodq5bAesiFa-JQ,Amaze 58 Asian Fusion,1066 1st Ave,40.7590052,-73.9620854,114,3.5,10022
U-VF6WSAWTN_6iDpWd5kqw,V-Nam Cafe,20 1st Ave,40.7235879,-73.9879349,531,4.0,10009
AP_oUjeMtPlyd6fXaQ1PiA,Spring Thai Fusion & Bar,96-40 Queen Blvd,40.7293745,-73.86129100000001,67,4.0,11374
fQBbb7wB_GOXsDmSqCEx4w,BoCaphe,104 8th Ave,40.74053,-74.00173,40,3.5,10011
WV4wZZVIKmanuAEpHo-rZA,Healthy Choice,1780 Madison Ave,40.800509,-73.94471,62,4.0,10035
iYFauSnqLxvr4HTY_cIElg,Little Mo,1158 Myrtle Ave,40.69701,-73.93368,366,4.0,11221
kycAM7GyA1pEMmkdVS3xuw,Wolfnights - The Gourmet Wrap,121 W 3rd St,40.73065,-74.00037,156,4.5,10012
Cyv-tW4BljwWnP16HI_zAg,Taste Kitchen,316 W 36th St,40.75374,-73.99342,49,3.0,10018
JhJLPp6KuBcD3CHCkEKJ_A,Cocoron  & Goemon Curry,16 Delancey St,40.72029996280202,-73.99304888458795,1079,4.0,10002
zuc_k20f-E9f42BZa_cyLQ,Iron Fish,3468 Broadway,40.82408,-73.95183,5,4.0,10031
NRJq2BNcbjqAyxUB_bw7gw,Momoya,185 7th Ave,40.7426255196333,-73.9966481924057,796,4.0,10011
rN347NNwQ0hDSlbedzI9BQ,Kai Sushi Asian Fusion,1475 Williamsbridge Rd,40.84362,-73.84565,300,4.0,10461
TeBthQZ2xpxyvXheS08ovw,Blue Ribbon Sushi Izakaya,187 Orchard St,40.7220839812692,-73.9882245327093,569,4.0,10002
HzJP6ICu_Naf5R0swzd-dg,Amina Thai,169-22 Hillside Ave,40.7107274,-73.7929057,168,3.5,11432
lGLeaVcg7U4tOfJFhVqGng,Sky Cafe,8620 Whitney Ave,40.7419,-73.87838,141,4.5,11373
T_72OxeFKvdzX-mKEztHdQ,Flame,5740 Broadway,40.882742,-73.901366,168,4.0,10463
M-b7twkT82r5InB5VMusag,Xeo Cantina,334 Bowery St,40.72607237832973,-73.9923001,30,4.0,10012
A930LBKMD5I6fjwT8QAokQ,Baifern Noodles,78-14 Roosevelt Ave,40.74679,-73.88753,1,5.0,11372
r_4ygAZcSaRVE0hV5pKkoA,Just Salad,1350 Ave of the Americas,40.76256,-73.97778,8,4.5,10019
hKKDfUPcDX_c-RCWBMOr1w,Bombay Sandwich Co.,48 W 27th St,40.7450715521913,-73.990359620218,457,4.0,10001
Ycz0lIQObftqCnJJvln2WQ,HanaMichi,28 W 32nd St,40.7475814819336,-73.9870910644531,491,3.0,10001
KUW8hx5kinOT_XJj3ttCDQ,Go Noodle Nine Moon,1069 1st Ave,40.75932,-73.96254,71,3.5,10022
siAb_uf13RIYW52O-auTpQ,Born Thai,293 Flatbush Ave,40.67903,-73.97357,399,3.5,11217
bgnM6uy66zupYzb4QdL3vA,108 Food Dried Hot Pot,2794 Broadway,40.80265,-73.96721,173,3.5,10025
l0zNwRbEQFP1pbbdXZZxcg,Mai Thai,4618 8th Ave,40.64305,-74.00192,190,3.0,11220
YIYetgfNE34G8JhQu98XQw,Ozen,760 Amsterdam Ave,40.7948819801249,-73.9700052707462,210,3.0,10025
R8V6kbUtyfPAwNNu46vMvg,Tonii’s Fresh Rice Noodle,83 Bayard St,40.715608,-73.998949,285,4.5,10013
hKLPdXpF7ke7JK2bL3O90A,Betong Hainan Chicken,135-38 39th Ave,40.75998,-73.83103,207,4.0,11354
CHW9sTtJxM6z8cqEy84aWg,VCafe,345 Greenwich St,40.718499,-74.0103228,205,3.5,10013
yET_KHFPlCf1M-AD_n1VqQ,Thai Cheong Salad Plus,455 Fulton St,40.69155,-73.98683,1,4.0,11201
a8Lj13uc3Hhyjm0eYL90sw,Sushi On Me,71-26 Roosevelt Ave,40.746444,-73.893947,233,5.0,11372
Am00wbkDJU0iG0mL3ebTMQ,The Bite Club,11 Frank E Rodgers Blvd S,40.74599,-74.15636,23,4.0,07029
TBW3arqP85VbGqOlQ3PM1Q,West Side Wok,691 Amsterdam Ave,40.79235,-73.97139,14,4.0,10025
croh2zWlbPyCQTNS11klcg,China River 川聚院,258 W 44th St,40.75821,-73.98833,263,4.0,10036
wC_TUZaKEQue8mhrCTnDgQ,Lucky Louie,535 Hudson Flr Grd,40.734627670191685,-74.00635439999999,37,4.5,10014
_zGsfwGAY8ZTob_mIFAM-w,Pokeworks,63 W 37th St,40.75166024917636,-73.98585830122367,1834,4.0,10018
EEf5KB5wx340TY7QwDKIqQ,More Express,281 Grove St,40.717907,-74.0441,369,3.5,07302
iuVI8C_GXxOnoJIbc9XJeQ,Grace Thai 2,57-42 Myrtle Ave,40.700299,-73.90208,14,4.0,11385
itblJyiTY2h2ACidLk66oA,Takahachi,85 Ave A,40.725315,-73.984436,604,4.0,10009
PjbB73stmWEsRgF_uHa2iQ,Thai Noodle House,74 5th Ave,40.73564,-73.99409,10,2.5,10003
ePbZr_yLV1K_wKkeedNjvw,Ichiban To-Go,365 Palisade Ave,40.741253,-74.046333,83,4.0,07307
od-5v2v1HdGisEDAXotqeg,Poke,343 E 85th St,40.7766,-73.95057,492,4.0,10028
QJj-f8cpIs81NtlvS_Dc3w,Cafe at Klom Klorm,371 Himrod St,40.703238,-73.916943,50,4.5,11237
n4Gu8LJ21cqLrNLp5-RemQ,Boon Chu,37-11 Main St,40.76124,-73.83079,5,4.5,11354
4vA2IzgOLcfkPwM6I4a0Og,So Pho 88,314 Bedford Ave,40.7136312934058,-73.9619940842959,41,4.0,11211
KvZCCFD8RTyeNe7L4_mLog,Feng Shui,109 E 42nd St,40.75204,-73.97632,40,1.5,10017
Xw34tTIGTE0WdWVmXc02Vw,Money Cat Vietnamese American,554 Wilson Ave,40.690851,-73.90883,109,4.5,11207
dMhRafXdr765DHe0k-QfaQ,ABC Kitchen,35 E 18th St,40.73775008339078,-73.98963413652181,3162,4.0,10003
_6SrrLr7qe6-dhPkzWrTSg,Kung Fu Pho,257 Grand St,40.71599,-74.04551,42,3.5,07302
rJnd1QVy67DmdKCGxgHjiw,Liu Beis,2414 34th Ave,40.761302,-73.931322,1,4.0,11106
ieOIBz6Gfqmwm1B0wUzh9g,Mama Lee,213-12 48th Ave,40.755368,-73.767415,550,4.5,11364
nCQCd3iHbmGJzpbKk5cDhA,Noodle Box Fusion,43-15 Bell Blvd,40.760912,-73.7694997,151,4.5,11361
PHMkwS5nmo4IUXbcg0OcAg,Jajaja Mexicana,63 Carmine St,40.72979,-74.00455,567,4.5,10014
zBf-m72ATTPTey-_9vu3Yw,Peacefood Cafe,460 Amsterdam Ave,40.785326,-73.97713,1429,4.0,10024
FWjl6BrMie6H78OSWJG5Pg,Bareburger - Columbus Circle,313 W 57th St,40.76726,-73.98346,455,4.0,10019
RABCwRzA1YCSpIWuk9LgqA,Urban Vegan Kitchen,41 Carmine St,40.7302,-74.00368,663,4.0,10014
A0saPXtRGKl-SVJGQyQAOw,Brooklyn Chop House,150 Nassau St,40.71151,-74.00597,900,4.0,10038
ZaJS8EKQNSaQpwpmgN-vVw,Samurai Mama,205 Grand St,40.7140208838114,-73.960325717926,651,4.0,11211
nZnJ5bNiQn1r4LWgqDeW2Q,Old Shanghai Soup Dumpling,133 Broad Ave,40.84531808831437,-73.99993036589412,226,4.5,07650
GJZnf3B-ADjlCV1NXsHvGQ,Tang's Garden,1328 3rd Ave,40.7722574,-73.9589547,110,3.0,10021
WlhkVLite9TQrtnzYLiO4Q,Lucy's Vietnamese Williamsburg,112 Berry St,40.718903,-73.958957,101,4.0,11249
LjBKkUSpMwrpo99hXgtHYw,Franchia Vegan Cafe,12 Park Ave,40.7474712051298,-73.9812423408763,1029,4.0,10016
7Q9qE3nxgJaUjrF8Iy_34Q,Bia,67 S 6th St,40.7113004,-73.965945,223,3.5,11211
Pti-ssphUHHBrcpLO0lV4g,Bon Banh,506 Washington St,40.74253,-74.02967,56,4.5,07030
t7BIiUN0tFg33kySuuQ0aQ,Masa,10 Columbus Cir,40.7685297553528,-73.98304619784298,397,4.0,10019
KjN7kiCP4kZbt1dj8w3A3g,Steam - Shanghai Asian Fusion,470 6th Ave,40.735570389859696,-73.997784032187,74,4.5,10011
jMb34zhfkqoW866F10hf1Q,Grace Thai Restaurant,5617 Junction Blvd,40.736905,-73.865734,83,4.5,11373
2YkqGzOldh-gcSSFkvP44Q,MIGHTY Bowl,120 Macdougal St,40.72986,-74.00049,267,4.0,10012
PiOv4vMRLaJJoqt_Eyebvw,Udom Thai,661 Washington Ave,40.67736647507944,-73.96346237531584,379,3.0,11238
MBQg0-g_iiIEY4hzLiezKg,Kuih Cafe,46 Eldridge St,40.71595284077857,-73.99300267095114,76,4.5,10002
ooHTw6KGNXsKj5TmyHKVuQ,Lucy's Vietnamese Bushwick,262 Irving Ave,40.699658,-73.915988,542,4.0,11237
fFkqEyupjc5x2iJQIPcpLw,Ruffian,125 E 7th St,40.7264,-73.98411,265,4.5,10009
zhkyBId_RIPyiOFE2R1PRg,Nobi Sushi,437 3rd Ave,40.74332,-73.97965,229,3.5,10016
FiKu5C03pBiAn5v5DEL9UQ,The Butcher's Daughter,581 Hudson St,40.73639,-74.00606,350,3.5,10014
4hukJNoy9F2ILYJZWl4Xlw,Set LES,127 Ludlow St,40.7198495417833,-73.9885318279266,532,4.0,10002
1851MMElaLteR03rnGAMlw,Pho 87,87 Chrystie St,40.717587,-73.9944029,535,4.0,10002
vck-SQMVm4dXEoXkNWXGUg,Chill D Taste Thai,167-11 Union Tpke,40.7229760286472,-73.80069668193148,41,4.0,11366
UuiW2A-O11Q0baqSEUMvZA,Miyabi Asian Fusion,1348 Forest Ave,40.6258092020868,-74.1345641477488,402,4.5,10302
vb-8neuGi8GPDTTnT2WO7g,Mekong BK,250 Dekalb Ave,40.6892852945551,-73.968862183392,99,4.0,11205
N7Vosrnpy9-rYI1vhgAg1Q,MomenTea,64 7th Ave,40.73882,-73.99972,184,4.0,10011
gWuHmSQ8G5FiKv-rEogwvA,Pongal,110 Lexington Ave,40.74246,-73.9829,546,4.0,10016
Bwj7nzWphGV6FaZ_ygTSOg,Happy Hot Hunan,969 Amsterdam Ave,40.80133,-73.96466,184,3.5,10025
Qgv2vyUV-DwK8YwrhU-jtw,Lan Sheng Restaurant,128 W 36th St,40.7517141867087,-73.9883603449123,218,4.0,10018
0bDtHB75wr16A_8zUm_2ng,Quantum Leap,1103 1st Ave,40.7605446023707,-73.9614734438973,96,4.5,10065
i7cKPMXreR4XfTjdpqZ_5A,Emperor Dumpling,818 6th Ave,40.74613,-73.99015,32,4.5,10001
zYoL-o9YJpGTwJ-Gmj8AFA,Jue Lan Club,49 W 20th St,40.7409694,-73.9934031,733,3.5,10011
eLnlAoAo7axwjJWtW6iEGg,Avocaderia,245 5th Ave,40.74440236037355,-73.9870662,1,4.0,10016
_HfPRP59incO6iTeZ-gNmw,Thai Love You,90-19 Corona Ave,40.742022,-73.874653,5,4.5,11373
1oYj65hKwXqhiRgol-YDag,Thai Ros Thip,664 Knickerbocker Ave,40.694905,-73.911781,25,4.5,11221
aZrTVBKQzlcFo_KwzhIw-A,Stang Thai,3019 Fort Hamilton Pkwy,40.64841,-73.97898,54,4.0,11218
aGmsJ6_NWw5vnLS43MZLpA,Spice,610 Amsterdam Ave,40.7900599,-73.97351,56,2.5,10024
DjlJZWew-g4X9hZ3jaqAHg,Clean Eats Meal Prep,256A Secaucus Rd,40.7721238,-74.0573678,53,4.0,07094
gGF5MvJ1i4D5Uj7aJgY9jw,Vanessa's Dumpling House,30-30 47th Ave,40.742804,-73.9363744,31,2.0,11101
O2jCWIOWb-IhyZGZLTNNoA,Peking Kitchen II,2162 8th Ave,40.80479,-73.954735,20,3.5,10026
5mhg1c3GdDtOPLDkWaSD4w,Robongi Weehawken,4800 Ave At Port Imperial,40.776164,-74.011525,132,3.5,07086
-n5zd4kpmJdqKzvar-5v8g,Gogi Grill - Hoboken,79 Hudson St,40.7362061117704,-74.0300041437149,257,4.0,07030
ROcLEpiaRRvKWrEn6hsulA,Aura Cocina,315 Meserole St,40.70921585216216,-73.9350064343522,115,4.0,11206
3_R-YG5_KXS4m2ct5-QYhw,Beatnic - Midtown East,630 Lexington Ave,40.75921511335808,-73.9711434885835,27,4.0,10022
InEqFA1IvuSLhvDBXhBR0w,The Penthouse - Ravel Hotel,8-08 Queens Plz S,40.7541228285616,-73.9491779487454,1029,2.5,11101
I_Va7AZSHpEwX75S-3hHLQ,Noodle Fun,1744 1st Ave,40.7795333862305,-73.9470367431641,163,4.0,10128
DFFNe30NcyL1ZhDxos_yyA,BK Cafe,247 Suydam St,40.70177316341405,-73.9242596,2,5.0,11237
UeaA5kaaqC8sdCuPqZujmg,Shoo Loong Kan,133-36 37th Ave,40.760404,-73.833627,85,4.5,11354
6uPtOyrxXV8y1y8pvLU2pA,Pic Up Stix,1372 Lexington Ave,40.78259,-73.95352,82,3.0,10128
m6sYBuozGY1JhnHlBf1Bzg,BondST,6 Bond St,40.726934,-73.994404,1113,4.0,10012
skIF77R0hzf-a182aVk4gQ,Geisha Asian Fusion,4186 Broadway,40.84799,-73.93765,33,4.0,10033
us2cegdaGlJRLbSLZsu54w,Charlie's Place,1960 Madison Ave,40.80622,-73.94061,159,4.0,10035
3LQD4aB3UYPteZfsyglV4w,Jin Sushi & Thai,1708 E 16th St,40.6081597222155,-73.9574643192272,107,4.0,11229
qU3ejLMndurKQTkM01gutg,Zuma,261 Madison Ave,40.750483,-73.980642,784,3.5,10016
PYN67roncq-uYxKWPd7ukQ,Dumpling Dojo,16 Glen Rd,40.82738778671193,-74.1026645,328,4.0,07070
xB0HiAt-UKl-q-4r47_twg,Gai Chicken & Rice,118 Fulton St,40.709975530594164,-74.00741534076192,15,3.5,10038
0Lnp_fi3gI2bfJ8RcMDfjg,Gen,659 Washington Ave,40.677639,-73.963485,298,4.0,11238
rdo_6F3iH2exAHqSsc6j-A,Mama Pho,172 Bedford Ave,40.71816,-73.95754,95,3.5,11249
LTfR_0NiS7OIRCfkaAJg9w,Silver Rice,638 Park Pl,40.67406167359211,-73.95709162389217,331,4.5,11238
-Rat_jVuOv_HTYjHqooGzw,Malay Restaurant,13517 40th Rd,40.75870332981883,-73.83089121990626,357,4.0,11354
nqNo2xuL7ViG7dIA8nHEbQ,Mama Pho,900 2nd Ave,40.7534,-73.9694029,17,2.5,10017
AqDXjw-mdtknK5PIWw7Wjg,Koro Koro,538 Jersey Ave,40.72122,-74.04615,247,4.5,07302
Hnj8w5j6eaIt2NiSQc7TGg,Indochine,430 Lafayette St,40.72917,-73.99227,446,3.5,10003
DY0y0KPwu8LnQteNB-uoAQ,Amaze,694 3rd Ave,40.7519302,-73.9739609,278,3.0,10017
7zabQq0iS0xahClnSI3W8w,YOI Ramen & Tea,573 2nd Ave,40.7433013,-73.97730469999999,20,4.0,10016
ba-MPbYnM6T30RNgPdUvtQ,Shanghai Red Asian Latin Bistro,127 Westchester Sq,40.8401620296024,-73.8425095552948,160,3.5,10461
qjXesvWGdDlLDKFWTlf88A,Goku Kitchen,1419 Forest Ave,40.625215,-74.136438,14,4.5,10302
nnckmJtf761XV8VVcwRQVQ,The Naked Bird,313 W 57th St,40.76717,-73.98353,1,5.0,10019
kiKUF11kNgEnM__P11nrig,Tea Cup Cafe,76-23 Woodside Ave,40.7440056330087,-73.8885498046875,157,4.0,11377
8_6g0JiTJb_B22drsDq3DQ,Shaka Kitchen,110 Washington St,40.73794,-74.03112,109,4.0,07030
pqGGfA3Vm9srfTIJLgL0Ew,Mama's Noodle House,1782 Bay Ridge Ave,40.6168614546041,-73.9930436387658,148,4.5,11204
Q1TpfbuPwKPFrNFyu-u2_g,Han Dynasty,1 Dekalb Ave,40.6911319610036,-73.9825977757573,390,3.5,11201
E-ym82UOKHxVh-sEm5HZxA,Boon Chu Thai Street Food,136-20 Roosevelt Ave,40.75933,-73.82918,18,3.5,11354
pSAAr8srYYt4SUQP4r0Bhw,Luanne's Wild Ginger,235 Dekalb Ave,40.6896,-73.96982,102,4.5,11205
ubCFsHLAG_xZupEbCny7vA,Beat Mazesoba,161-23 Crocheron Ave,40.7626925,-73.8042346,340,4.5,11358
wctR1TrheHAwpHZ2sJknEw,Yemen Cafe & Restaurant,176 Atlantic Ave,40.68989,-73.99366,606,4.5,11201
PGeL1b4xNJggpZsHEGoxjg,Mr Chow,121 Hudson St,40.7162608674808,-74.00935559331678,448,3.0,10013
GIlunJr5LNcU1mHCchiKPA,Betong - Khao Man Gai,261 Canal St,40.718985,-74.000702,11,4.0,10013
UwOPkhqaHMR1JAECFFEA5Q,Anai Sushi,253 W 26th St,40.7467394,-73.9956662,4,3.5,10001
85y2x_yaBAEGDtwkhqe6ug,Loong Xin Asian cuisine,670 E 233rd St,40.8935462028793,-73.8584990054369,20,3.5,10466
5v3q73ejbIGkJAiGKKSwqA,Kiku,766 Nostrand Ave,40.67238098695852,-73.9504424482584,9,5.0,11216
3BYgbjo8MtaIyLZMdTxrOQ,Geisha Sushi,3468 Broadway,40.8241613,-73.9519775,453,4.0,10031
mqoiTzsqtuMoWTHJbxYQuQ,Baby's Buns & Buckets,445 Albee Square W,40.69149,-73.98326,21,5.0,11201
0Ro6Ofr7Hb2WTTHdgmXEVQ,Plant Nation,398 10th Ave,40.7531977,-73.9996871,8,2.0,10001
IXH26OJiL2hUSwNW_NJEhQ,Warung Roadside,,40.6967,-73.99003,16,4.0,11201
CEEUDBFxvUPKGlA65qJ8JQ,Beatnic - Flatiron,60 W 22nd St,40.7418636,-73.9929947,830,4.0,10010
g_5V15Xp1OvB1QXuGMstYA,Chef Yu,520 8th Ave,40.75352133489135,-73.99226032843487,635,3.0,10018
8M_0cxAChoXl7Ls9YkWJlg,Xe May Sandwich Shop,96 Saint Marks Pl,40.7272,-73.98493,660,4.5,10009
ElFVjpPTej8ji4eIFbld6g,Haku,1047 2nd Ave,40.7582499,-73.96633,45,3.5,10022
wsMThqit2caUREhOMCOyAQ,Thanh Huong Restaurant,533 West Side Ave,40.71919,-74.08307,161,4.0,07304
alaGGSDEpNcckPB93da3Mw,sweetgreen,1114 6th Ave,40.7546422192153,-73.9831031299337,117,3.0,10036
daqoTgWT411Rhl5h92BcqA,Ginger Grill,5008 Bergenline Ave,40.7831045221492,-74.0207290649414,49,4.0,07093
mDajKjZjRN4tVGEJFOgF9w,Wok 88,1570 3rd Ave,40.78042,-73.95322,334,3.5,10128
I4Z8vyaZjbD2aS5xoMeF8Q,Kiku Japanese Restaurant,50 W 55th St,40.7623443603516,-73.9770812988281,118,3.0,10019
_FICyzFLQxR7N62I6qU94A,KanaHashi,981 Manhattan Ave,40.73263,-73.95482,204,4.5,11222
ECemz7ixbRYZkkDxThcQWg,Vietspot,99 Nassau St,40.7105473460815,-74.0075637236421,343,3.5,10038
-EqTI_ssZs0iNM39KjzlQA,River House Chinese Cuisine,725 River Rd,40.8197069486449,-73.977166166197,168,4.0,07020
Z7gHAR1j_hjdxoWO7kYgeQ,Okinawa Sushi Restaurant,400 Newark St,40.737554,-74.037218,398,4.0,07030
-FSwYW_xV__5KHTIc56B0Q,Rice K,29-21 23rd Ave,40.774743,-73.913172,134,4.0,11105
9xRIcn0jTyvWNH9aBO3oAA,Kenka,25 St Marks Pl,40.72913,-73.988465,1647,3.5,10003
JylIStPfFLOctHdlglvALA,UT47,358 W 47th St,40.76135,-73.98995,358,4.5,10036
l4fwf8VwAokv3MWT45Ab7g,Bunna Cafe,1084 Flushing Ave,40.705042,-73.928078,780,4.5,11237
BCg5O26hQnVX7OOepNLK6w,Blue Ribbon Sushi Bar - Hudson Eats,225 Liberty St,40.712693,-74.015839,158,3.5,10281
R8x9TlQ5zj-CzrjHVxHD-Q,CZEN Restaurant Brooklyn,4410 Avenue H,40.6324824894253,-73.9337566183575,187,4.0,11234
2VpurA2lb-q90nmALklNcA,Perry St,176 Perry St,40.73442,-74.00971,994,4.0,10014
5KDfEi17KRFD1TrzZyT4lQ,Profit Chinese Restaurant II,643 2nd Ave,40.74565,-73.9755799,44,3.0,10016
ubX4CD4GqXpXjLfuBJo8HQ,Spicy Republic,972 Second Ave,40.7557,-73.96771,2,2.5,10021
8t1RC4e6pCyGZXCUm91XQg,Ooodles Noodle House,215-05 Northern Blvd,40.76079,-73.7673,66,4.5,11361
G4qZvheX74VwYvek7I8iQg,Buntopia,994 Broadway,40.69598,-73.93398,364,4.5,11221
r_auTWBu0-xW_9SQWLEdrg,Nine Thai,110-70 Queens Blvd,40.7189569381508,-73.8391626253724,115,2.0,11375
dspLTxhT3Po_lgpUOnYLHg,Matsu Sushi,411 E 70th St,40.766304,-73.955909,298,3.5,10021
bT4CDzyhV-frXV6ijvXnvw,Super Taste,26 Eldridge St,40.715117,-73.9933339,713,4.0,10002
7rxA2Ne0ON6iHFBJ6TJDIg,Luck Thai,386 5th Ave,40.6708409022866,-73.9847199825745,181,4.0,11215
J-wZAcn2SfjsncFViLKO8g,Ital Kitchen,1032 Union St,40.66962,-73.95804,155,4.5,11225
wQxJkDpO3kOSBRSsRi3CaA,Jade Eatery And Lounge,1 Station Sq,40.718933,-73.845291,783,3.5,11375
CdHOwIO6OFNXZxPYEUts2g,Ageha Sushi,767 9th Ave,40.76452,-73.98859,725,4.0,10019
EN9_LsFpY44Hkzcnu0jfIg,Dynasty Dim Sum,381 3rd Ave,40.74148,-73.98087,194,4.0,10016
ckDKWs7pyXpRYi06sVedrA,TJ Asian Bistro,50-19 Skillman Ave,40.7461895,-73.9136856,484,4.5,11377
6kCo3xb87Sc3Aa5ZSWzNnw,Kung Fu Kitchen,610 8th Ave,40.755631112182144,-73.99066,496,3.5,10018
s63N2t9IwXIABlVXR26CWg,Pho Mac Vietnamese Restaurant,1407 Richmond Ave,40.613872,-74.15747,335,4.0,10314
uuDvk4EsRUkeTj4jVKJOpw,Rue 57,60 W 57th St,40.7640285260993,-73.9770378404755,1274,3.5,10019
IdZ5DnGnAEXcmz2jZXGFiQ,Hiroshi Japanese Fusion,585 3rd Ave,40.74836,-73.97585,210,3.5,10016
lFGWnF5Af8CwrbcvT27AuA,Bareburger - Long Island City,48-19 Vernon Blvd,40.7434658490952,-73.9536568181867,364,3.5,11101
dJYc9Hi0KJRMqCkCJOxC-w,Sakura Sushi & Thai Cuisine,273 Mott St,40.7239,-73.99479,85,3.0,10012
z7aGXL9WSu9DVLB_27OBBQ,Chef CBTM Bistro,37-65 74th St,40.74716,-73.89124,17,4.5,11372
sGkH0pgXE-QrzyNHkSm9Cw,NuLook Deli,4916 Vernon Blvd,40.74301,-73.95426,25,3.0,11101
1HBtCnBGBYoq3zaQUxTbmg,Sushi Gama,1403 2nd Ave,40.76967,-73.95796,114,3.5,10021
61JIVs4L3wmP1j4vJar1Tg,Saku,936 Park Ave,40.7482982,-74.0305929,332,4.0,07030
WOrCzAOgs50Wf-dlnHrzDw,Mee Thai Cuisine,180 5th Ave,40.67739457061641,-73.97997011876328,188,4.0,11217
dpCSDy9uefOEcY44FHss2Q,Hyo Dong Gak,51 W 35th St,40.7501219,-73.9862269,440,3.5,10001
cqj7o7uZ_jboXL0BqO4YMg,Glaze Teriyaki,643 Lexington Ave,40.7591909,-73.9704258,332,3.5,10022
8Jz2IfS-BGCm1GniqJVe2A,Saketumi Asian Bistro,118 Montague St,40.69480157691335,-73.99473861016685,184,4.0,11201
YbENoUWAXj_UdGK6UXajfw,Hudson Blue Bar and View,4800 Ave Port Imperial Blvd,40.776739823349494,-74.01082010000592,22,4.0,07086
StFf9fVnAlhwrUWan0C4Ww,Wanisa Home Kitchen,142 Smith St,40.687,-73.99042,204,4.0,11201
ItZ8CzZAGXGjB8_9HxDIXg,Grand Sichuan Eastern,172 8th Ave,40.74256,-74.00026,139,3.0,10011
hfW8tn3RlNWadxHvTwawqQ,Beyond Sushi,1429 3rd Ave,40.775323,-73.956206,111,4.5,10028
inrdLiBjiJ_ngHXirw4pPg,Lysee,44 E 21st St,40.73917,-73.98819,143,4.0,10010
0Bm2vjJW5Fw7_Maer6kDUw,Melt Shop,135 W 50th St,40.76091344676272,-73.9825650029376,668,4.0,10019
jE5_yPypanQLdYe7-f__dA,Toad Style,93 Ralph Ave,40.68687,-73.92336,440,4.0,11221
KxyH5zvTyXawl17lHjA4SQ,Beyond Sushi,134 West 37th St,40.75247,-73.98845,684,4.5,10018
bMhqh_k_QZJMnVstIJzxRw,Thái Son,40-10 74th St,40.74637,-73.89161,535,3.5,11373
YRuv0MBS7Fs5xZOW97J6IQ,Thai Mis Delicias Truck,110 5th Ave,40.73759,-73.9927,2,4.0,10011
SkYcO8FaqYgoP-66g58OMw,Thai Pot,103-07 Queens Blvd,40.7247545048924,-73.8498401641846,265,3.0,11375
Jn_p5WaprUY3Ql_539gsWw,M&J Asian Cuisine,600 E 14th St,40.7292851717997,-73.9780369922164,54,4.0,10009
w2XTAF56oI2ywMGc9W6SQA,Thai Leaf,611 86th St,40.6202163,-74.0237945,63,3.0,11209
0XC6L2GCtuaNEI8XFEyD2g,Jungle Cafe,131 Greenpoint Ave,40.730358,-73.954885,280,4.0,11222
guLhJRVpZAYrkSbFuyb5_Q,honeygrow,194 Joralemon St,40.69249496963276,-73.99139982350925,210,3.5,11201
1gK-0_lGqjxbwiHWcXXdzg,ABCV,38 E 19th St,40.738058,-73.989289,643,4.0,10003
Xh-pnPzmUOnjyDE2bTGv5w,NY Thai Grill & Sushi Bar,137 E 45th St,40.75334,-73.97398,153,2.0,10017
97q5nUQTuBo_h00XCxna2A,Tasty Hand-Pulled Noodles,1 Doyers St,40.7142,-73.99787,1817,4.0,10013
Tjo8JXQzoBwvw_QYicejiw,Ding Food Market,241 Harrison Ave,40.7461823757412,-74.1584174860186,131,5.0,07029
-pab00ajP_NS1KGfILveYA,Marumi,546 Laguardia Pl,40.7289699,-73.99837,453,4.0,10012
XoJwcOxazBKvWikQCATS-w,East Flour,103 Christopher Columbus Dr,40.71946,-74.04346,215,4.0,07302
ymb0SvFrlcWm6k_Gx5SYcQ,Yuzu,350 Lenox Ave,40.80937,-73.94399,218,4.0,10027
RQs8qf21L5Isj0KGAPMtvQ,Krata Thai Restaurant,1413 McCarter Hwy,40.75724,-74.16702,2,3.0,07104
iIcUpEOjMLuzAIfyY_vgYA,PappaRich Flushing,One Fulton Sq,40.759569,-73.832392,736,3.5,11354
HR_a2QSA_KJZIakufAJUmg,Szechuan Gourmet,21 W 39th St,40.75226532620614,-73.98361050137848,54,4.0,10018
IIKK1IKRVNEyE7lFo9pprQ,Tiny Thai Cafe,394 3rd Ave,40.742176,-73.98104,1,3.0,10003
IYRJ5E7fnK2UC0B5mOgzSQ,Sweet Basil,709 Franklin Ave,40.674388,-73.9566116,241,3.0,11238
2v7HpoqI2pSS9GpHu-gI2g,Soku 1546,1546 Myrtle Ave,40.69938,-73.91177,28,4.0,11237
J0T7m_iMbTi-g2G23XdY8w,Mama Pho,685 Manhattan Ave,40.72504,-73.95165,24,2.5,11222
U9ze3syYNgM1CK14ELA9Xw,Kyuramen - Bayside,38-35 Bell Blvd,40.7655861,-73.7718426,480,4.5,11361
0lZeHrKy9DLfBxek_oR3Kg,Yama,122 E 17th St,40.73590516663025,-73.98767988956808,450,3.5,10003
D9g4zcLw26jMaDrBwzpdCA,Chef Papa Vietnamese Kitchen,42-05 162nd St,40.75997,-73.80382,188,4.5,11358
C_nZXc4hJK7jYRxdJnF89g,Zoni Restaurant,5617 Bergenline Ave,40.787124222545025,-74.01799599834479,15,4.5,07093
D3LtTiVtIPOcUT_bjxztRA,Teppan Bar & Grill,319 Warren St,40.718919,-74.038909,596,4.0,07302
HqctC520WAFC5D-U8Ln--g,Springbone Kitchen,74 Pearl St,40.70374,-74.01046,39,4.0,10004
CODADSsXEq7PsdV7BncjFw,Uni Thai Bistro,265 E 7th St,40.64571,-73.97302,36,4.5,11218
dIipa0PYSjJmKm6OIcqr5Q,Luanne's Wild Ginger Franklin,676 Franklin Ave,40.67538992914,-73.9564200863242,102,4.0,11238
2tR7d61tBGNlGaJRYvrN0Q,Dumplings & Things,45-26 46th St,40.7425888323281,-73.9189697784327,193,3.5,11104
F2TE6sQpywj3bkVi8L_nLw,Toasties,23 E 51st St,40.758511,-73.9748188,210,4.0,10022
A5MHd0GjEb4P86UsNzUnig,SESAMO - Italian Asian Restaurant Hell's Kitchen NYC,764 10th Ave,40.765726,-73.990678,288,4.0,10019
tEZTZG55c3TfeF-vbYOjog,Pad Thai,401 E 58th St,40.75898,-73.96215,3,3.0,10022
Il1K0hzGEiJgLLBCZCfA1A,P'Noi Thaithai Grocery,76-13 Woodside Ave,40.74369,-73.88835,29,4.0,11373
9c8M-3W7vuP4idvgi2LXSw,Fulton Thai,848 Fulton St,40.683459,-73.967407,115,3.0,11238
JUPxlDVMxuRSsqMcH6RCVg,Mitsuwa Marketplace,595 River Rd,40.8158107608922,-73.9801246070119,1854,4.5,07020
KIERtmoOTz7r103MWw08nA,Cafe Chili,172 Court St,40.68801,-73.99334,205,3.5,11201
Orb334SNTA7LEYW9XSVX5Q,Baumgart's Cafe,59 The Promenade,40.8062091886267,-73.9872350335213,305,3.0,07020
GruO4BzCMQviHdY-2D4QYA,Joe's Kitchen,637 Broadway,40.669,-74.11435,110,4.0,07002
bacGm8cL-vUPHdR18_M7bw,Charley Mom Restaurant,1580 York Ave,40.7740287780762,-73.9481582641602,104,3.5,10028
KAV7h2oKYSpOkLvsq3yduA,Banh Mi House,565 Manor Rd,40.613462684628054,-74.1224132,43,4.5,10314
Z5JY0Wq4dctTdlFQxPVECg,Shangri-La,7400 3rd Ave,40.6321,-74.0277,210,4.0,11209
TgUv8hOhaV4wsRGrkhyCsA,TaHan Sushi,2060 7th AVE,40.757743,-73.985719,1,1.0,10027
6Stlkxa6rUI77VglrpinmQ,Carrot Express,18 W 23rd St,40.74167086948014,-73.99045300305843,50,4.0,10010
PBUIaPtgnhmdHE3KHglK-g,Jean-Georges,1 Central Park W,40.7691122743293,-73.9814290717583,1995,4.0,10023
zzi6EZiJCWmwVPCz83KeWw,Moonwok,41-18 38th St,40.74696,-73.92675,6,3.5,11101
eX1l0ZlqaHbkWz5dOmPt4A,Fuji East,455 Main St,40.759060669975,-73.9523682767591,155,3.5,10044
IuMvrvXTTZm4NQYO1O1dbg,Kuma NYC,1520 Myrtle Ave,40.699183,-73.91304,60,4.0,11237
kqJApXkfFn42SZZG7QTc4w,Go Zen,144 W 4th St,40.7313398845326,-74.0005102638063,597,4.0,10012
5u4T6-Z-KhHrRZ9g54pugQ,Carol's Bun,139 E Broadway,40.7138317002555,-73.9914554524045,61,4.5,10002
KjZyJimEPL97dt9R5lm9dQ,Mrs. Fish,34 Pell St,40.715117,-73.998568,1,5.0,10013
0DyF6tokikZqd8bys-Af_Q,To Be Thai,126 Beverley Rd,40.6426978913573,-73.9783389864039,206,3.5,11218
Zx44jCgDv1TwKMGzcXajIQ,Taste Good Malaysian Cuisine,82-18 45th Ave,40.7417090264307,-73.8821911811829,786,4.0,11373
wdGMVLUzocmnl2tST0lheg,YunShang Rice Noodle House,53 Bayard St,40.71525,-73.99765,306,4.0,10013
viB_c1ywQJJOr-zVQHkr0A,Roomservice,349 E 12th St,40.73039,-73.98381,1,5.0,10003
-lKKdp0XYVJY2DWL-ZSwtQ,Pac Rim,308 E 49th St,40.75373972103885,-73.96800323380802,7,4.5,10017
HfJhenvKDi-ds8SUJFwrLg,Momofuku Noodle Bar - East Village,171 1st Ave,40.7292063820076,-73.9844848239426,4393,3.5,10003
-RkDkGy906oZcdx-YamQIQ,Veggie Grill,1004 2nd Ave,40.75679,-73.96679,1,4.0,10022
tk_hI5v8KufzFaIP57_57g,Golden Thai,469 Irving Ave,40.69566,-73.90798,114,3.0,11237
CJaOSBUYSQAJy7p0QVkkrA,Menya & Izakaya,369 5th Ave,40.6712,-73.98444,72,4.5,11215
irRF-5aowSiEycwkKGw3Jw,Pho Today - East Rutherford,75 NJ-17,40.83084177684956,-74.093362141092,258,4.0,07073
5UxJoqkdYrUEjArx8YITMw,Atlantic Grill,50 W 65th St,40.77250470436572,-73.98111241370289,627,3.5,10023
0vSAR3Ym2fuehBvHSZyqIQ,Koi Restaurant,40 W 40th St,40.75306524578346,-73.98408130671038,824,3.5,10018
Xf6e3HaP0AgMBxY7dEDkOA,99 Favor Taste - New York,285 Grand St,40.7176199,-73.99249,2103,4.0,10002
miSpXsoUKZiDExrXNMZuYg,Joju,133-36 37th Ave,40.7602944,-73.8335025,19,4.5,11354
pe0kLJDb7DEWSKCbOS8D2g,Otaiko Hibachi & Sushi Lounge,125 Lefante Way,40.66791160879,-74.1027513470826,240,4.0,07002
a93NwZxjkPQydJxR42oPyg,Grain House,929 Amsterdam Ave,40.800127673827,-73.9657538384199,127,3.5,10025
nnSyjwIkhbJIBMiBtch_BQ,Kimoto Rooftop,228 Duffield St,40.6915156530047,-73.9846554,689,3.5,11201
OX2B4KARPKNTxC39wpcqDA,A & C Kitchen,136 Avenue C,40.72501,-73.978,37,3.5,10009
LVkBYW-FNaZ2h-0zB8-vzA,Jiang's Kitchen,65 St Marks Pl,40.72808,-73.98615,48,4.5,10003
7hNakgpvyCVLotXhALvi_g,Mochi Dolci,222 W 79th St,40.78334389566669,-73.97945610000001,18,4.0,10024
hdiTkEnD14VpXNl-APTg2g,Nana Ramen,330 Malcolm X Blvd,40.681549,-73.928995,199,4.0,11233
qFmyAqm0MQbdu_MHX1mhpQ,Oh Dumplings,6 Bergen St,40.6875754,-73.9929996,131,4.0,11201
fEnX6R_foFOc3NriJY4J2Q,Three Bowls Ramen,63-28 Roosevelt Ave,40.7457251,-73.9007075,108,4.0,11377
acm5Dpd3uKc106Ty9ha8Hg,Extravert,230 Park Ave,40.75439,-73.97687,1,5.0,10169
87x1XzjA1CZvII84NfUW2A,Buddha - Bar Restaurant New York,62 Thomas St,40.71669,-74.00734,146,3.5,10013
osXwafjTpsJZI1hH3YUhhw,Fuji Thai 585,585 S Broadway,40.913151,-73.897064,2,3.5,10705
Neiw4AB_s7BpLSxyUrSXBQ,Sushi & Noodles,274 Troutman St,40.70347,-73.92577,174,4.0,11237
wys1HhKwy80LSIRqG_prEg,Spice,61A 7th Ave,40.67549,-73.9746,248,3.0,11217
YTjUhZh-5IaNsTvzHsOUQQ,No 1 Wok,262 Cypress Ave,40.805913,-73.913984,13,2.5,10454
M2bvOwAbCjLUvMbAF6h3-w,Sapporo Ichiban,622 Manhattan Ave,40.723678,-73.950462,280,4.0,11222
GrxbGiLMkl1jd665k1lbIQ,LULU Chinese,78-06 101st Ave,40.6802989,-73.8594402,113,3.5,11416
i8NvYgvKTcckH5r87e_BxA,Just Salad,463 7th Ave,40.75179,-73.98983,1,5.0,10018
uK7BhMiook9Ij93l-5nEUA,Hanabi,1450 2nd Ave,40.771,-73.95636,132,3.5,10021
2rSmA4IK51QAQj60YGvjnw,New Asian Cuisine,44-20 48th Ave,40.7393524,-73.9210213,36,3.5,11377
JJu_e9LaSHanZUoSKITb6Q,The Village Table,302 East 3rd St,40.720917,-73.979431,1,4.0,10009
WOonEFdSaK224ew1c0Oa7w,Tenzan 89,1714 2nd Ave,40.779579,-73.950103,198,3.5,10128
6EskvVuvoQVyJ1CcRonIBQ,Roc N Ramen,19 Anderson St,40.9109855646599,-73.7809076403087,782,4.0,10801
OPmRU32uFQ0Cx-7M3zX3bw,Lucy's Vietnamese - Bedford Stuyvesant,1111 Bedford Ave,40.68563468966789,-73.9541969,28,4.5,11216
40Km2Xn6aGslql9CtuJSbg,Green Thai NYC,58 E 1 St,40.72403347791555,-73.98925092208928,1,4.0,10003
Wt306odjwl9oRhN04IMLNw,'ESSEN,519 8th Ave,40.75341,-73.99302,123,2.5,10018
SOrQnn_dsHIFpmW5HTCFCw,Ocha Thai Cuisine,124-32 Queens Blvd,40.7123969,-73.8269638,65,3.5,11415
qGA7hdPSuwXVkum548WEWA,Dimmer & Summer,196 Smith St,40.68506,-73.99173,61,4.0,11201
xOL2SC34gdhKHSbyaDz9BA,Pearls Chinese Restaurant,689 9th Ave,40.7619901,-73.9903719,169,3.0,10036
8c0xdJdmJxzmjQ7INX2h8A,Just Salad,655 6th Ave,40.74137,-73.99448,2,5.0,10011
3n6i8TwGEIL9KnCCHUyiqA,Sai,95-34 Queens Blvd,40.73012,-73.8636,320,4.5,11374
fZuIszXbPoyzYMDSYd3oOA,Ghang Thai Kitchen,229 Court St,40.6861227,-73.9938877,207,3.5,11201
5_9jnbe_izc3l9tbG_QdvA,Ghost Truck Kitchen,356 Varick St,40.7209,-74.04809,126,4.5,07302
98URsYAwTfXRPP5e1ONPug,Maya Congee Cafe,563 Gates Ave,40.68719,-73.944167,133,4.5,11221
jO6NX93q_fYwYTHkqJ57Dg,Six Happiness 六福,711 2nd Ave,40.74757315567081,-73.97408861583824,133,2.5,10016
ru9KtvY8f_b2SKrKwtS3CA,Lo-Fatt-Chow,720 Monroe St C-103,40.7474615723213,-74.0378006521148,154,3.5,07030
wo7-TKh4B37RTBjPNtkp7w,Chengdu1,166 15th St,40.7323552298113,-74.039612951068,124,3.5,07310
rBUTVjRs5CcEMe3dfVRZJQ,Ho Foods,110 E 7th St,40.72634,-73.98478,401,4.0,10009
sCbkm45j6pKBpq8gxd12LA,Pho Today,2151 Lemoine Ave,40.85637629,-73.96725253,271,3.5,07024
apIonqUbtLWLeZtzQ8FR8g,Umi Kitchen,639 Broadway,40.66901464160359,-74.11416419507927,18,4.5,07002
IhSVn0TaX8xXb3wcQ-fgcA,Vanessa's Dumpling House,118A Eldridge St,40.71839,-73.9917399,2819,4.0,10002
NVtz1npMTJBAC0MMrB6MdA,Pranzo,100 Broad St,40.70345,-74.01213,1,5.0,10004
fqr2YzqzG7q1ZsuP2klxww,LUNA  Asian Bistro & Lounge,32-72 Steinway St,40.7573,-73.92068,363,4.0,11103
j-r95E-S2GUyoR2b6MTqpA,Ozakaya,635 Vanderbilt Ave,40.67807,-73.96851,79,4.5,11238
oJjMYhA6z1_BVaQpSdyl8g,Golden Forest,353 Grand St,40.7167,-73.98945,215,4.0,10002
2eR8ftw-GiTEwg3Y7Rm-MA,Mimi Cheng's Dumplings,179 2nd Ave,40.7305254,-73.986285,712,3.5,10003
OXAoRmFsEBNxsnI4cY_89Q,Little Grenjai,383 Bridge St,40.691769233470104,-73.98503835482155,1,5.0,11201
KBZQN540Xz6LbXLRVOMc0w,Hunan Delight,1467 York Ave,40.770678,-73.951296,202,3.5,10075
BcOuqkUniZJG5NLpdzeOYQ,Friendly Restaurant,1205 40th Ave,40.7559963313064,-73.9424634196434,68,3.5,11101
qrncvjkiKN5Z-JC06ygy6A,Hutong,731 Lexington Ave,40.761551,-73.967443,479,3.5,10022
tFFLetrWW6-7KW74eryspQ,Mama Sushi,3569 Broadway,40.82733,-73.95013,453,3.5,10031
69_uRnB0amB6FbmASCo0-A,Pho Che,193-16 Northern Blvd,40.7576858,-73.7881441,486,4.0,11358
3m9zzglPW2M1bPikC3XpRg,Henry's,433 7th Ave,40.66343,-73.98428,199,4.0,11215
DYOyC7JQ0DBCY59b7HKb6A,Thai Mis Delicias - Truck 1,130 5th Ave,40.7388444,-73.9922313,9,2.5,10010
ooPNadvyhlg7EDe0qXzYpw,Avocaderia,269 11th Ave,40.7518801,-74.005134,42,3.5,10001
Dqu-5RxNbbpBsL1Ssht9Ng,Hunan Slurp,112 1st Ave,40.72669,-73.98563,256,4.0,10009
XD9XiCUvbvCt7laocvAadw,Hana Asian Bistro,150-03 Crossbay Blvd,40.6699939531997,-73.8424712286242,256,4.0,11417
EBIjeMlkgU12CyCcUDj-kg,Shuko,47 E 12th St,40.7334269431242,-73.9914635674129,331,4.0,10003
fTpla27BQIfN5UWK6vjlQQ,High Thai Restaurant,4017 Ave U,40.60876,-73.92446,14,2.5,11234
6UWJ7EADorFBztrPpqXfEg,sweetgreen,2460 Broadway,40.791464,-73.973764,96,2.0,10025
MM5P9cKlzovYLcf5qf2SwQ,1 OR 8,229 Dekalb Ave,40.6896859,-73.9703551,428,4.0,11205
